"","BB","CC","CS","LT","MM","PS","RS","RWF","SMB","SS","WS"
"1998_1",0.00130633572828217,0,0,0,0,0.0122843152665307,0,0,0.282274978034647,0,0.0051414268116954
"1998_2",0.000568181818181818,0,0,0,0,0.00618082017782617,0,0,0.0299060968971149,0,0
"1998_3",0,0,0,0,0,0,0,0,0.0042082548852724,0,0
"1998_4",0.00152021180058563,0,0,0,0,0.00311526479750779,0,0,0.0153835299765717,0,0.0005005005005005
"1998_5",0.00210970464135021,0,0,0,0.00293169158604515,0.0123131046613896,0,0,0.0432656446567138,0,0.00058633831720903
"1998_6",0.000569313976658127,0.000142328494164532,0,0,0.000696527261469336,0.00527244589407231,0,0,0.0170592401116224,0,0.000554198767304805
"1998_7",0.000549249359209081,0,0,0,0.000733543168201596,0.00256921712258982,0,0,0.0370511941297176,0.000367376928728876,0
"1998_8",0.000416666666666667,0,0,0,0,0.00320684126135756,0,0,0.0564824959914484,0,0
"1998_9",0,0,0,0,0,0.00110741971207087,0,0,0.0221483942414175,0,0
"1998_10",0,0,0,0,0,0.00690881794765878,0,0,0.0666674209567008,0,0.000693521771706263
"1998_11",0,0,0.000220653133274493,0,0,0.00402188402984036,0,0,0.0295730132977847,0,0.000479989232859555
"1998_12",0.000711945429154582,0.000172413793103448,0.00272585669781931,0,0,0.00490036523794178,0,0,0.0192120528520786,0,0.000517241379310345
"1998_13",0.00192586772657947,0.000909090909090909,0.00141747931783519,0,0,0.0137740906780053,0,0,0.0431404538521976,0,0
"1998_14",0.000380662352493338,0.000761324704986677,0,0,0.000190331176246669,0.00345228612088752,0,0,0.00786270442012075,0,0.000570993528740008
"1998_15",0.000678944549836164,0.000594530321046373,0,0,0,0.00517831371231994,0,0,0.0190213395539661,0,0.00135788909967233
"1998_16",0.00058411214953271,0,0.00042247570764681,0,0,0.0167918165701649,0,0,0.153318620922606,0,0.00555379897909481
"1998_17",0,0,0,0,0,0.0063273727647868,0,0,0.0115543328748281,0,0
"1998_18",0,0.000529941706412295,0,0,0,0.00529941706412295,0,0,0.0853206147323794,0.000529941706412295,0.00211976682564918
"1999_1",0,0,0,0,0,0.051948051948052,0,0,0.114285714285714,0,0.0207792207792208
"1999_2",0.000277854959711031,0,0,0,0,0.00166712975826619,0,0,0.0297304806890803,0,0
"1999_3",0.000829416643627315,0,0.000276472214542438,0,0,0.00165883328725463,0,0,0.044788498755875,0,0.000276472214542438
"1999_4",0,0,0,0,0,0,0,0,0.0253565768621236,0,0
"1999_5",0.000288350634371396,0,0,0,0,0.000288350634371396,0,0,0.00922722029988466,0,0.000576701268742791
"1999_6",0.00104384133611691,0,0.00313152400835073,0,0,0.00104384133611691,0,0,0.0260960334029228,0,0.00521920668058455
"1999_7",0.00346620450606586,0,0,0,0,0.0138648180242634,0,0,0.0554592720970537,0,0.00173310225303293
"1999_8",0,0,0,0,0,0.00232558139534884,0,0,0.00813953488372093,0,0
"2000_1",0,0,0,0.00503158052240689,0,0.00778318475959951,0,0,0.183295076891683,0,0.00246195530053114
"2000_2",0,0,0,0,0,0,0,0,0.00280898876404494,0,0
"2000_3",0,0,0,0,0,0.000555565972286227,0,0,0.0351705359467262,0.000428082191780822,0.000114705207616426
"2000_5",0.00462277130151964,0.0019272566673274,0,0,0,0.115186204794432,0,0,0.0958328004019664,0,0.00289295295596746
"2000_6",0.000349406009783368,0,0,0.000263713080168776,0,0.00859061423165772,0,0,0.0462341952197563,0.000240153698366955,0
"2000_7",0.000221238938053097,0,0,0.000442477876106195,0,0.000795286814659223,0,0,0.033708371678248,0.000766959011992125,0.000179726815240834
"2000_8",0.000256081946222791,0.000128040973111396,0,0,0,0.00140475196406802,0,0,0.031757751146241,0.000653696234221565,0
"2000_9",0.000338532753084609,0,0,0.000323624595469256,0.000207813798836243,0.00259953400312738,0,0,0.0428836968854307,0.000877308114754665,0.000130718954248366
"2000_10",0.000129804938660205,5.04770077229822e-05,0.000469217634367179,0,0,0.00917239055908873,0,0,0.029494449268029,5.91086416834141e-05,0.000349355012016307
"2000_11",0.000643498143546974,0,0,0.000171115674195756,0,0.00180267878644827,0,0,0.0546992189495464,0.000700072249161493,0.000342231348391513
"2000_12",0,0,0,0,0,0.00239808153477218,0,0,0.0359712230215827,0,0
"2000_13",0.000513670440442722,0.000385802469135802,0,0.000508130081300813,0,0.00602559185068482,0.000225225225225225,0,0.0499819649863963,0.00121198635217327,0
"2000_14",0.000282774708410068,0.000395849056603774,0,0,0,0.0115814096906023,0,0,0.0373691866514414,0.000877345753760477,0.00107807636109523
"2000_15",0,0,0,0,0,0.00414733323354787,0,0,0.068238010499648,0.00102880658436214,0.00573408375695957
"2000_16",0,0,0,0,0,0.00402007537047633,0,0,0.0495625515041221,0,0.00403051853667723
"2000_17",0,0,0.000979087044273629,0,0,0.00685913770317161,0,0,0.0606116901593032,0.00045662100456621,0.00045662100456621
"2000_19",0,0.00103575459849605,0.00253255115180999,0,0.000461041954817888,0.0122119131218572,0,0,0.0294634917498271,0,0.00191021967526266
"2000_20",0.000140193466984439,0.000828673956302608,0.000928730176619766,0,0,0.00915767146967581,0,0,0.0271609146117157,0,0.000468431436968308
"2000_21",0,0.00349602712764219,0.0161013817702848,0,0,0.00671152748835537,0,0,0.0206989037838436,0,0.00297150575339619
"2000_22",0,0,0,0.000759301442672741,0,0.00385051916803681,0,0,0.0322104314437222,0.000542005420054201,0.0010840108401084
"2000_23",0,0.00199471131503675,0,0,0,0.00306603135609959,0,0,0.0280645027567052,0,0
"2000_24",0.000606060606060606,0.000443852640923214,0.000606060606060606,0,0.000606060606060606,0.00571704293427986,0,0,0.0238432635534085,0.00121212121212121,0
"2000_25",0.00096761843564533,0.000869795794675742,0,0,0,0.00720282667071648,0,0,0.0134621660683482,0,0.000182215743440233
"2000_26",0.0019394601341863,0,0.00180995475113122,0.000719424460431655,0,0.00506155174690998,0,0,0.0255474260005321,0,0.000904977375565611
"2000_27",0.000478927203065134,0,0,0,0,0.00739391515578894,0,0,0.00951883701883702,0,0
"2000_28",0.00115740740740741,0,0,0,0,0.00545634920634921,0,0,0.00656761412575366,0,0.00179843304843305
"2000_29",0.00118483412322275,0,0,0,0,0.000595238095238095,0,0,0.016687925170068,0.000637755102040816,0.00123299319727891
"2000_31",0.000163934426229508,0.000163934426229508,0,0.0001953125,0,0.000668558514236804,0,0,0.0046875,0,0.000828668158000815
"2001_1",0,0.0521316863703332,0,0,0,0.0829347219301471,0,0,0.179105073186159,0.00197044334975369,0.0276565342062444
"2001_2",0,0,0,0.00164203612479475,0,0.00164203612479475,0,0.000821018062397373,0.00129198966408269,0,0.00258397932816537
"2001_3",0.00091324200913242,0.000533333333333333,0,0,0,0.00144657534246575,0,0,0.0148114985015789,0,0.00220995480090868
"2001_4",0,0,0,0.000723065798987708,0.000723065798987708,0.00513048051009005,0.000505050505050505,0,0.00693158638754003,0,0.00223713646532438
"2001_5",0.00319488817891374,0.0818883822377298,0.0295800861923104,0,0.109941405722362,0.194707604459478,0.00133511348464619,0,0.0423909195220891,0,0.0135900049906798
"2001_6",0.000208855472013367,0.00253266360807549,0.000394321766561514,0.0006265664160401,0.000394321766561514,0.020613435138728,0,0,0.0227845509700846,0.000508975520032574,0.00286147373386483
"2001_7",0.00149790492566642,0.00289439192110377,0.000275633958103638,0,0,0.00511813624082897,0,0,0.0107809565030527,0.006070518293482,0.0034715208974538
"2001_8",0.000604960677555959,0.000399680255795364,0,0,0,0.00341820644897756,0,0,0.0120385334178924,0.0112065311431242,0.00160646301360848
"2001_9",0.000893406434335758,0.000652315720808871,0.000652315720808871,0.000683060109289617,0,0.00270149604867772,0,0,0.017830258115474,0.00229847721707142,0.000551876379690949
"2001_10",0.000405819828876003,0.00630667331530795,0.000966803990792522,0.000112650670271488,0.000213538330130258,0.014883960598496,0,0,0.0210191681914689,0.00363695918053716,0.00652831838691677
"2001_11",0.000881834215167548,0.00199905085240755,0,0.000839630562552477,0,0.00568971874597399,0.000440917107583774,0,0.0248543413844768,0.00617283950617284,0.00274209203023134
"2001_12",0.00271383055106803,0.00337554906082825,0,0,0,0.00949111124971978,0,0.000846023688663283,0.0075250834406239,0.00280095797227777,0.00293340259348968
"2001_13",0.00229665653278142,0,0,0.000752445447705041,0,0.00981250287925554,0,0.000752445447705041,0.0357802418673136,0.00625467314800539,0.000752445447705041
"2001_14",0.00291884747382924,0.000623052959501558,0,0.000623052959501558,0,0.0143686394617839,0,0,0.0139045172371112,0.0022272845416024,0.00559652124082486
"2001_15",0,0.0047904472648524,0,0.000556483027267668,0,0.0122591113408313,0,0,0.0204875497456275,0,0.0103552775375291
"2001_16",0.000419287211740042,0.00167714884696017,0.00280898876404494,0.00127226463104326,0,0.00820517633959999,0,0,0.0158501013154556,0.00125786163522013,0.00799526301470706
"2001_17",0,0.00203252032520325,0.00513341671878257,0.00195021028354362,0,0.0103421119681282,0.000881834215167548,0,0.0128306464688579,0.0017636684303351,0.00732290518875885
"2001_18",0.001953125,0.219276685393258,0.287767731741573,0,0.00561797752808989,0.0279582162921348,0,0,0.00280898876404494,0.00561797752808989,0.0114773525280899
"2001_19",0,0.0349833359429172,0.117297067573311,0,0.00478672243720223,0.012335875813631,0,0,0.00138121546961326,0.00138121546961326,0.0161104525018453
"2001_20",0.000396825396825397,0.00672488842769118,0.0407131319347078,0,0,0.0130059128869282,0.000290613193839,0,0.0152602605801971,0.000396825396825397,0.0077074443415004
"2001_22",0,0.00388445036247966,0,0,0,0,0,0,0.00533067021748779,0.00133155792276964,0.00244266903388075
"2001_23",0,0.00491302714808934,0,0.000411861614497529,0,0.00060313630880579,0,0.000823723228995058,0.00976742984441667,0.000411861614497529,0.0057660626029654
"2001_24",0,0.0145288981149201,0.00201072386058981,0,0,0.00692932841402842,0.000670241286863271,0,0.00916696782001395,0,0.00738315950481985
"2001_25",0,0.0185189738546021,0.000680272108843537,0,0,0.0096754364396361,0,0,0.00437259241045816,0,0.00598311613802147
"2001_26",0.000636132315521628,0.00127226463104326,0,0,0.00138519598593361,0.0103495283913845,0,0,0.0105924152754927,0,0.005557808118062
"2001_27",0.000554631170271769,0.00621030512184145,0.0122391879602085,0,0.00446972964998478,0.00873460058152238,0,0,0.00529745131103977,0,0.00630197332915026
"2001_28",0,0.0026246719160105,0.0130512640961676,0,0.00464055507329167,0.0071908819616726,0.000570776255707763,0,0.00882437618620356,0,0.0098155538776831
"2001_29",0,0,0,0,0.000888888888888889,0.00177777777777778,0,0,0.0165132262573516,0,0.0102895622895623
"2001_30",0.00543478260869565,0,0,0,0,0,0,0,0.0364475500345066,0,0
"2001_31",0,0.000376222723852521,0.000559753708368318,0.00018811136192626,0.000279876854184159,0.00167568094287679,0,0.000279876854184159,0.0059767603930826,0,0.00261623775250809
"2003_1",0,0.0609080841638981,0.0132890365448505,0,0,0.191214470284238,0,0,0.0690291620524179,0.0132890365448505,0
"2003_2",0,0,0,0.00141043723554302,0,0.00141043723554302,0,0,0.00705218617771509,0.00141043723554302,0.00705218617771509
"2003_3",0,0,0,0,0,0,0,0,0.0869565217391304,0.000988142292490119,0.000988142292490119
"2003_4",0.00127226463104326,0,0.00127226463104326,0,0,0.00763358778625954,0.00127226463104326,0.00127226463104326,0.00254452926208651,0.00127226463104326,0.00763358778625954
"2003_5",0.00392156862745098,0.0274509803921569,0.0941176470588235,0,0.0823529411764706,0.250980392156863,0,0.00196078431372549,0.103921568627451,0.00196078431372549,0.0137254901960784
"2003_6",0.00344827586206897,0.00344827586206897,0,0,0,0.0103448275862069,0,0,0.108620689655172,0,0.00172413793103448
"2003_7",0.00204359673024523,0,0,0,0,0.00204359673024523,0,0,0.0769754768392371,0.000681198910081744,0.000681198910081744
"2003_8",0.00389711613406079,0,0,0,0,0.00233826968043648,0,0,0.0701480904130943,0.00467653936087295,0.00467653936087295
"2003_9",0.00204290091930541,0,0,0,0,0.00561797752808989,0,0,0.083758937691522,0,0.00153217568947906
"2003_10",0,0.00130293159609121,0.000651465798045603,0,0,0.0429967426710098,0,0,0.0495114006514658,0.00260586319218241,0
"2003_11",0.000868055555555556,0,0,0,0,0.0112847222222222,0,0,0.102430555555556,0,0
"2003_12",0.00521739130434783,0,0,0,0,0.0260869565217391,0.00173913043478261,0,0.0243478260869565,0.00173913043478261,0.00173913043478261
"2003_13",0,0,0,0,0,0.0619047619047619,0,0,0.0333333333333333,0,0
"2003_14",0.00177147918511957,0.00177147918511957,0,0,0,0.0531443755535872,0,0,0.070859167404783,0.00265721877767936,0.00531443755535872
"2003_15",0,0.00447427293064877,0,0,0,0.0268456375838926,0,0,0.0693512304250559,0,0.00223713646532438
"2003_16",0.00121951219512195,0.00121951219512195,0,0,0,0.00853658536585366,0,0,0.0365853658536585,0.00121951219512195,0.0024390243902439
"2003_17",0,0,0,0,0,0.0333333333333333,0,0,0.113888888888889,0,0.0111111111111111
"2003_18",0.00571428571428571,0.12,0,0,0.0171428571428571,0.0228571428571429,0,0,0.04,0,0.00571428571428571
"2003_19",0,0.033457249070632,0.0743494423791822,0,0.00185873605947955,0.0204460966542751,0,0,0.0278810408921933,0,0.00185873605947955
"2003_20",0,0.00521376433785193,0.00417101147028154,0,0.00208550573514077,0.0333680917622523,0,0,0.0552659019812305,0,0.00104275286757039
"2003_21",0,0.0116279069767442,0.0697674418604651,0,0.00465116279069767,0.013953488372093,0,0,0.00697674418604651,0.00232558139534884,0.00232558139534884
"2003_22",0,0,0,0,0,0.00297619047619048,0,0,0.0119047619047619,0,0.00297619047619048
"2003_23",0,0.00562429696287964,0,0,0.00112485939257593,0,0,0,0.0168728908886389,0.00224971878515186,0.00112485939257593
"2003_24",0,0.00266666666666667,0,0,0.00533333333333333,0.016,0,0,0.0293333333333333,0.00266666666666667,0
"2003_25",0,0.0103550295857988,0.0029585798816568,0,0.000739644970414201,0.025887573964497,0,0,0.0199704142011834,0.0014792899408284,0.00813609467455621
"2003_26",0,0,0.010230179028133,0,0,0.00767263427109974,0,0,0.0460358056265985,0.00255754475703325,0.0051150895140665
"2003_27",0.00104712041884817,0.0031413612565445,0.00732984293193717,0,0.00418848167539267,0.0324607329842932,0,0,0.0261780104712042,0.00104712041884817,0.00209424083769634
"2003_28",0,0.00631578947368421,0.00842105263157895,0,0.00210526315789474,0.0105263157894737,0,0,0.00421052631578947,0.00210526315789474,0.00842105263157895
"2003_29",0,0,0,0,0.00831946755407654,0,0,0,0.0299500831946755,0,0.00166389351081531
"2003_30",0,0,0,0,0,0.00416666666666667,0,0,0.120833333333333,0,0.00208333333333333
"2003_31",0.000508130081300813,0.00254065040650406,0.00457317073170732,0,0.00101626016260163,0.00965447154471545,0.00101626016260163,0.00203252032520325,0.016260162601626,0.000508130081300813,0.00558943089430894
"2003_32",0,0.0438247011952191,0.0836653386454183,0,0,0.0199203187250996,0,0,0.0199203187250996,0.00398406374501992,0.00796812749003984
"2004_1",0,0,0,0,0,0.183098591549296,0,0,0.352112676056338,0.0422535211267606,0.0140845070422535
"2004_2",0,0,0,0,0,0,0,0,0.0353535353535354,0,0.00252525252525253
"2004_3",0.00184842883548983,0,0.00184842883548983,0,0,0,0,0,0.101663585951941,0.00184842883548983,0
"2004_4",0,0.00205338809034908,0.0143737166324435,0,0,0,0,0,0.00616016427104723,0,0.00616016427104723
"2004_5",0.0081383519837233,0.0569684638860631,0.154628687690743,0,0.0976602238046795,0.199389623601221,0,0,0.146490335707019,0.0122075279755849,0.0528992878942014
"2004_6",0,0.00343642611683849,0.00171821305841924,0,0.00171821305841924,0.00859106529209622,0,0,0.125429553264605,0.00515463917525773,0.00343642611683849
"2004_7",0,0.000999000999000999,0,0,0,0,0,0,0.0869130869130869,0.011988011988012,0.004995004995005
"2004_8",0,0,0,0,0,0.00123456790123457,0,0,0.0851851851851852,0.00123456790123457,0
"2004_9",0,0.00150375939849624,0,0,0,0.00300751879699248,0,0,0.103759398496241,0.00225563909774436,0.00150375939849624
"2004_10",0,0.000982800982800983,0.000491400491400491,0,0.00196560196560197,0.0113022113022113,0,0,0.146928746928747,0.000491400491400491,0.00884520884520885
"2004_11",0,0,0,0,0,0.00746268656716418,0,0,0.167910447761194,0.00124378109452736,0.00124378109452736
"2004_12",0,0.00194931773879142,0,0,0,0.00779727095516569,0,0,0.064327485380117,0,0.01364522417154
"2004_13",0,0,0,0,0,0.00872093023255814,0,0,0.133720930232558,0.00290697674418605,0
"2004_14",0,0,0,0,0,0.0104712041884817,0,0,0.104712041884817,0.00523560209424084,0.00174520069808028
"2004_15",0,0,0,0,0,0.00843881856540084,0,0,0.069620253164557,0,0.00210970464135021
"2004_16",0,0.00208333333333333,0,0,0,0.01875,0,0,0.141666666666667,0,0.00833333333333333
"2004_17",0,0,0,0,0,0,0,0,0.0672451193058568,0,0.00216919739696312
"2004_18",0,0.00591715976331361,0.100591715976331,0,0.0177514792899408,0.00591715976331361,0,0,0.0355029585798817,0,0.0118343195266272
"2004_19",0,0.0194805194805195,0.168831168831169,0,0,0.0422077922077922,0,0,0.0194805194805195,0.00649350649350649,0.025974025974026
"2004_20",0,0.00510725229826353,0.0255362614913177,0,0,0.0132788559754852,0,0,0.0970377936670072,0.00102145045965271,0.00204290091930541
"2004_21",0,0.0292887029288703,0.410041841004184,0,0.00836820083682008,0.0460251046025105,0,0,0,0.00418410041841004,0.0209205020920502
"2004_22",0.0036231884057971,0,0.0108695652173913,0,0,0,0,0,0.0253623188405797,0,0.0036231884057971
"2004_23",0,0.0035799522673031,0.00119331742243437,0,0,0.00119331742243437,0,0.00477326968973747,0.0214797136038186,0.0035799522673031,0.00238663484486874
"2004_24",0,0.00584795321637427,0.00292397660818713,0,0.00292397660818713,0,0,0,0.064327485380117,0,0
"2004_25",0,0.0227272727272727,0.0181818181818182,0,0.00606060606060606,0.00303030303030303,0,0,0.0409090909090909,0.00606060606060606,0.00303030303030303
"2004_26",0.00238663484486874,0,0,0,0,0.00715990453460621,0,0,0.0739856801909308,0.00238663484486874,0.0119331742243437
"2004_27",0.00138985406532314,0.00486448922863099,0.0132036136205698,0,0.00208478109798471,0.0208478109798471,0,0,0.0451702571230021,0.000694927032661571,0.00694927032661571
"2004_28",0,0.0097799511002445,0.0097799511002445,0,0,0.0097799511002445,0,0,0.00488997555012225,0.00244498777506112,0
"2004_29",0.00840336134453781,0.00420168067226891,0,0,0.00210084033613445,0.00630252100840336,0,0,0.0525210084033613,0.00210084033613445,0.00630252100840336
"2004_30",0,0,0,0,0,0.0156739811912226,0,0,0.128526645768025,0,0
"2004_31",0,0.0041592394533571,0.0101010101010101,0,0,0.0035650623885918,0,0.0041592394533571,0.0202020202020202,0.0053475935828877,0.005941770647653
"2004_32",0,0.0275862068965517,0.117241379310345,0,0,0,0,0.00689655172413793,0.0344827586206897,0,0.0275862068965517
"2005_1",0,0,0,0,0,0.181818181818182,0,0,0.265734265734266,0,0
"2005_2",0,0,0,0,0,0.0022075055187638,0,0.00441501103752759,0.00441501103752759,0.00883002207505519,0
"2005_3",0,0,0,0,0,0,0,0,0.106951871657754,0.00267379679144385,0
"2005_4",0,0.00425531914893617,0,0,0.00212765957446809,0,0,0.00212765957446809,0,0.0127659574468085,0
"2005_5",0,0.115107913669065,0.0246659815005139,0,0.10688591983556,0.23021582733813,0,0,0.0863309352517986,0.00411099691675231,0.0246659815005139
"2005_6",0,0.00169204737732657,0.00169204737732657,0.00169204737732657,0,0.00846023688663283,0,0,0.0795262267343486,0.00676818950930626,0.00676818950930626
"2005_7",0,0.00250941028858218,0,0,0,0,0,0,0.0765370138017566,0.00752823086574655,0.00878293601003764
"2005_8",0,0,0,0,0,0,0,0,0.101098901098901,0.00659340659340659,0.0021978021978022
"2005_9",0,0,0,0,0,0.00567536889897843,0,0,0.0828603859250851,0.00340522133938706,0.00681044267877412
"2005_10",0,0.00192307692307692,0.000641025641025641,0,0,0.00769230769230769,0,0.000641025641025641,0.0865384615384615,0,0.00128205128205128
"2005_11",0,0.0018348623853211,0,0,0,0,0,0,0.0788990825688073,0,0.0055045871559633
"2005_12",0,0.00308641975308642,0,0,0,0.00308641975308642,0,0.00925925925925926,0.0123456790123457,0,0.0185185185185185
"2005_13",0,0,0,0,0,0.0150602409638554,0,0,0.105421686746988,0.00602409638554217,0.0120481927710843
"2005_14",0.0016025641025641,0,0.0016025641025641,0.00320512820512821,0,0.0176282051282051,0,0,0.0657051282051282,0.0016025641025641,0.0016025641025641
"2005_15",0,0.00432059941480489,0,0,0,0.0111774416376675,0,0,0.0494079451256295,0.0050902485478219,0.0130478082295195
"2005_16",0,0.0338600451467269,0.036117381489842,0,0,0.018058690744921,0,0,0.072234762979684,0,0.00451467268623025
"2005_17",0,0,0,0,0,0,0,0,0.0315533980582524,0,0.00728155339805825
"2005_18",0,0.0120481927710843,0.0682730923694779,0,0.00803212851405622,0,0,0,0.0160642570281124,0,0.0200803212851406
"2005_19",0,0.0371747211895911,0.00743494423791822,0,0,0.0223048327137546,0,0,0.0185873605947955,0.0111524163568773,0.00743494423791822
"2005_20",0,0.00146198830409357,0.00730994152046784,0,0.00146198830409357,0.0233918128654971,0,0,0.0292397660818713,0.00146198830409357,0
"2005_21",0,0.00560224089635854,0.0896358543417367,0,0,0.00840336134453781,0,0,0.00840336134453781,0.00280112044817927,0.00560224089635854
"2005_22",0,0,0,0,0,0,0,0.00277777777777778,0.0194444444444444,0.00555555555555556,0
"2005_23",0,0.0069284064665127,0,0.00115473441108545,0,0.00346420323325635,0,0.00115473441108545,0.0069284064665127,0.0023094688221709,0
"2005_24",0,0.0269360269360269,0,0,0.0235690235690236,0.0101010101010101,0,0,0.0134680134680135,0.0168350168350168,0
"2005_25",0,0.0459770114942529,0.0014367816091954,0,0.00431034482758621,0.0258620689655172,0,0,0.00718390804597701,0.00862068965517241,0.0014367816091954
"2005_26",0,0,0,0,0,0.00760456273764259,0,0,0.0570342205323194,0.0190114068441065,0.00380228136882129
"2005_27",0,0.0251889168765743,0.0100755667506297,0,0.00755667506297229,0.00251889168765743,0,0,0.00755667506297229,0,0.00503778337531486
"2005_28",0,0.0144578313253012,0.00240963855421687,0,0,0,0,0,0.00240963855421687,0.00240963855421687,0
"2005_29",0,0,0,0,0,0,0,0,0.025,0,0
"2005_30",0.00531914893617021,0,0,0,0,0,0,0,0.0904255319148936,0,0
"2005_31",0,0.00381263616557734,0.00326797385620915,0,0,0.00490196078431373,0,0.0239651416122004,0.00762527233115468,0.00217864923747277,0
"2005_32",0,0.00558659217877095,0.00558659217877095,0,0,0,0,0,0.145251396648045,0,0
"2006_1",0,0,0,0,0,0.645161290322581,0,0,0.516129032258065,0,0
"2006_2",0,0,0,0,0,0,0,0.00835654596100279,0.0306406685236769,0.00278551532033426,0
"2006_3",0,0,0,0,0,0,0,0,0.103896103896104,0,0
"2006_4",0,0,0,0,0,0.00216450216450216,0,0.012987012987013,0,0.00216450216450216,0
"2006_5",0,0.0388349514563107,0.00554785020804438,0,0.072122052704577,0.676837725381415,0,0,0.166435506241331,0,0.0221914008321775
"2006_6",0,0,0,0,0,0.0379746835443038,0,0,0.060126582278481,0,0
"2006_7",0,0,0,0,0,0,0,0,0.0489296636085627,0.00305810397553517,0
"2006_8",0,0,0,0,0,0.0029585798816568,0,0,0.0473372781065089,0.00591715976331361,0
"2006_9",0,0.00153374233128834,0,0,0,0.00460122699386503,0,0,0.107361963190184,0.00920245398773006,0
"2006_10",0,0.00285171102661597,0.00190114068441065,0,0,0.032319391634981,0,0.00285171102661597,0.130228136882129,0.00190114068441065,0
"2006_11",0,0,0,0,0,0.00431965442764579,0,0.00215982721382289,0.161987041036717,0,0
"2006_12",0,0,0,0.003125,0,0.00625,0,0.003125,0.040625,0.003125,0.0125
"2006_13",0,0,0,0,0,0.0100502512562814,0,0,0.105527638190955,0.0050251256281407,0.0050251256281407
"2006_14",0,0,0,0,0,0.00655737704918033,0,0,0.0754098360655738,0.00655737704918033,0.0131147540983607
"2006_15",0,0,0,0,0,0.0103092783505155,0,0,0.0463917525773196,0,0.0412371134020619
"2006_16",0,0,0,0,0,0.0139372822299652,0,0,0.121951219512195,0,0
"2006_17",0,0,0,0,0,0,0,0.00561797752808989,0.0617977528089888,0,0.00280898876404494
"2006_18",0,0,0,0,0,0.0354609929078014,0,0,0.0354609929078014,0,0.00709219858156028
"2006_19",0,0.0104895104895105,0,0,0,0.0559440559440559,0,0,0.0244755244755245,0.013986013986014,0
"2006_20",0,0.00172117039586919,0.00172117039586919,0.00172117039586919,0,0.0413080895008606,0,0,0.134251290877797,0.00344234079173838,0.00344234079173838
"2006_21",0,0.0826086956521739,0.0739130434782609,0,0,0.00869565217391304,0.00434782608695652,0,0.0130434782608696,0.00434782608695652,0.00434782608695652
"2006_22",0,0,0,0,0,0,0,0.00862068965517241,0.021551724137931,0,0
"2006_23",0,0.00606060606060606,0.00303030303030303,0,0,0.00151515151515152,0,0,0.05,0.00303030303030303,0.00151515151515152
"2006_24",0,0,0,0,0.00307692307692308,0.0215384615384615,0,0,0.0492307692307692,0.00307692307692308,0.00307692307692308
"2006_25",0,0.00459418070444104,0.00153139356814701,0,0.00306278713629403,0.0842266462480858,0,0,0.0551301684532925,0.00306278713629403,0.00153139356814701
"2006_26",0,0.00396825396825397,0,0,0,0.0436507936507936,0,0,0.150793650793651,0,0
"2006_27",0,0.00558659217877095,0.00931098696461825,0,0.0037243947858473,0.0837988826815642,0,0,0.0986964618249535,0,0
"2006_28",0,0.003003003003003,0,0,0,0.015015015015015,0,0,0.015015015015015,0.003003003003003,0.003003003003003
"2006_29",0,0,0,0,0,0.00465116279069767,0,0,0.26046511627907,0.00465116279069767,0
"2006_30",0,0,0,0,0,0.0130293159609121,0,0.00325732899022801,0.208469055374593,0,0
"2006_31",0,0.000672494956287828,0,0.000672494956287828,0,0.00537995965030262,0.00268997982515131,0.0275722932078009,0.0121049092131809,0.00201748486886348,0
"2006_32",0,0,0.0144927536231884,0,0,0.0144927536231884,0,0,0.0434782608695652,0,0.0144927536231884
"2007_1",0,0,0,0,0,0.0869565217391304,0.0173913043478261,0,0.173913043478261,0.156521739130435,0
"2007_2",0,0,0,0,0,0,0.0116009280742459,0.00464037122969838,0.00232018561484919,0.00232018561484919,0
"2007_3",0,0,0,0,0,0.00285714285714286,0.00285714285714286,0,0.0371428571428571,0.0114285714285714,0
"2007_4",0,0,0,0,0,0,0.0145985401459854,0.0024330900243309,0,0.0024330900243309,0
"2007_5",0,0.0229095074455899,0.0274914089347079,0,0.0274914089347079,0.155784650630011,0.0183276059564719,0,0.0549828178694158,0,0.0183276059564719
"2007_6",0,0.00278551532033426,0,0,0,0.0362116991643454,0,0,0.0584958217270195,0,0
"2007_7",0,0,0,0.00246913580246914,0,0.00246913580246914,0,0,0.0222222222222222,0.00493827160493827,0.00493827160493827
"2007_8",0,0,0,0,0,0,0,0,0.0138568129330254,0.0023094688221709,0.0023094688221709
"2007_9",0,0,0,0,0,0,0,0,0.0281124497991968,0,0
"2007_10",0,0.00072992700729927,0.00072992700729927,0,0.00072992700729927,0.0328467153284672,0,0.00072992700729927,0.0656934306569343,0.00364963503649635,0.00072992700729927
"2007_11",0,0,0,0,0,0.0271398747390397,0.00208768267223382,0.00208768267223382,0.0563674321503132,0.00208768267223382,0
"2007_12",0,0,0,0.0025706940874036,0,0.0077120822622108,0.0025706940874036,0.0025706940874036,0.0077120822622108,0.0077120822622108,0.0025706940874036
"2007_13",0,0,0,0,0,0.016,0,0,0.1,0,0
"2007_14",0.00169491525423729,0,0,0,0,0.0220338983050847,0,0,0.0661016949152542,0.00508474576271186,0.00338983050847458
"2007_15",0,0,0,0,0,0.0172413793103448,0,0,0.0301724137931034,0,0.0129310344827586
"2007_16",0,0,0,0,0,0.0150375939849624,0,0,0.0476190476190476,0,0.0050125313283208
"2007_17",0,0,0,0.00475059382422803,0,0.00237529691211401,0,0.00475059382422803,0.0356294536817102,0.00475059382422803,0.00237529691211401
"2007_18",0,0,0.196261682242991,0,0.00934579439252336,0.00934579439252336,0,0,0.0186915887850467,0,0
"2007_19",0,0.00617283950617284,0.00925925925925926,0.00308641975308642,0,0.0339506172839506,0,0.00308641975308642,0.0154320987654321,0.00925925925925926,0.00308641975308642
"2007_20",0,0.00635593220338983,0.0211864406779661,0,0,0.0211864406779661,0,0.00211864406779661,0.0677966101694915,0.00211864406779661,0.00423728813559322
"2007_21",0,0.00809716599190283,0.0445344129554656,0,0,0.00809716599190283,0.00404858299595142,0.00404858299595142,0,0.00809716599190283,0
"2007_22",0,0,0,0,0,0,0.00904977375565611,0.0271493212669683,0.00904977375565611,0.00452488687782805,0.00452488687782805
"2007_23",0,0.00226500566251416,0.00226500566251416,0,0,0.00226500566251416,0.00566251415628539,0.0135900339750849,0.0226500566251416,0.00566251415628539,0
"2007_24",0,0.00704225352112676,0,0,0,0.00352112676056338,0,0,0.0246478873239437,0.0176056338028169,0.00352112676056338
"2007_25",0,0.00959692898272553,0.0153550863723608,0,0,0.0383877159309021,0,0,0.0153550863723608,0.00959692898272553,0
"2007_26",0,0.00363636363636364,0.00363636363636364,0,0,0.0290909090909091,0,0,0.0436363636363636,0,0
"2007_27",0,0.00229885057471264,0.00919540229885057,0,0.00229885057471264,0.0459770114942529,0,0,0.0298850574712644,0.0114942528735632,0.00229885057471264
"2007_28",0,0.00641025641025641,0.00427350427350427,0,0,0.00641025641025641,0,0.014957264957265,0.00854700854700855,0.00213675213675214,0.00213675213675214
"2007_29",0,0,0.00943396226415094,0,0,0.0141509433962264,0,0,0.0566037735849057,0,0
"2007_30",0,0,0,0,0,0.0324324324324324,0,0,0.0810810810810811,0,0
"2007_31",0,0.00132538104705103,0,0.00132538104705103,0,0.00198807157057654,0.00132538104705103,0.0337972166998012,0.00530152418820411,0.00132538104705103,0
"2007_32",0,0.0091324200913242,0.0684931506849315,0,0,0.0273972602739726,0,0,0.0091324200913242,0.0045662100456621,0.0228310502283105
"2008_1",0,0,0,0,0,0.180645161290323,0,0,0.696774193548387,0.103225806451613,0
"2008_2",0,0,0,0.0029940119760479,0,0.00898203592814371,0.0029940119760479,0,0.00598802395209581,0.0029940119760479,0
"2008_3",0,0,0,0,0,0,0,0,0.127551020408163,0,0
"2008_4",0,0.00268096514745308,0,0,0.00268096514745308,0.0187667560321716,0.00804289544235925,0.00536193029490617,0.00268096514745308,0.00536193029490617,0.00804289544235925
"2008_5",0,0.131045241809672,0.0873634945397816,0,0.0686427457098284,0.511700468018721,0.0374414976599064,0,0.0686427457098284,0,0.0124804992199688
"2008_6",0,0.00609756097560976,0,0,0,0.0579268292682927,0,0,0.0975609756097561,0.00304878048780488,0.00609756097560976
"2008_7",0,0.0024390243902439,0,0,0,0.0024390243902439,0.0024390243902439,0,0.0292682926829268,0.0024390243902439,0
"2008_8",0,0,0,0,0,0.00591715976331361,0,0,0.0443786982248521,0,0
"2008_9",0,0,0,0,0,0.00208333333333333,0,0,0.0541666666666667,0.00625,0
"2008_10",0,0.010958904109589,0,0,0,0.0547945205479452,0,0.00136986301369863,0.0465753424657534,0.00410958904109589,0
"2008_11",0,0,0,0,0,0.0072992700729927,0,0,0.102189781021898,0,0
"2008_12",0,0.00408163265306122,0,0.00408163265306122,0,0.0122448979591837,0,0,0.0244897959183673,0,0.00408163265306122
"2008_13",0,0,0,0,0,0.0115606936416185,0,0,0.092485549132948,0.00867052023121387,0.00289017341040462
"2008_14",0,0.00420168067226891,0.00840336134453781,0,0,0.0399159663865546,0,0,0.0483193277310924,0.00630252100840336,0.0126050420168067
"2008_15",0,0,0.0342857142857143,0,0,0.0914285714285714,0,0,0.148571428571429,0.00571428571428571,0.00571428571428571
"2008_16",0,0.0117302052785924,0,0,0,0.0205278592375367,0.00293255131964809,0,0.0439882697947214,0,0
"2008_17",0,0,0.0104166666666667,0,0,0.00694444444444444,0.00347222222222222,0,0.0625,0.00694444444444444,0
"2008_18",0,0.140740740740741,0,0,0.00740740740740741,0.0222222222222222,0.00740740740740741,0,0,0.00740740740740741,0
"2008_19",0,0.0483383685800604,0.027190332326284,0,0,0.0725075528700906,0.00604229607250755,0,0.00906344410876133,0.00604229607250755,0.00302114803625378
"2008_20",0,0.012216404886562,0.0279232111692845,0,0,0.0226876090750436,0.00174520069808028,0,0.0383944153577661,0,0.00174520069808028
"2008_21",0,0.029045643153527,0.029045643153527,0,0,0.004149377593361,0.020746887966805,0.004149377593361,0.004149377593361,0.004149377593361,0
"2008_22",0,0,0,0,0,0,0,0.00763358778625954,0,0.00763358778625954,0
"2008_23",0,0.0133136094674556,0,0,0,0.00591715976331361,0.0029585798816568,0.0014792899408284,0.014792899408284,0,0.0014792899408284
"2008_24",0,0.01,0.01,0,0,0.0166666666666667,0.00666666666666667,0,0.03,0,0
"2008_25",0,0.0533980582524272,0.0509708737864078,0,0,0.0364077669902913,0.00485436893203883,0,0.00970873786407767,0,0.00728155339805825
"2008_26",0,0,0.0106382978723404,0,0,0.0531914893617021,0,0,0.113475177304965,0,0.0106382978723404
"2008_27",0,0.0177514792899408,0,0,0.00591715976331361,0.118343195266272,0.0029585798816568,0,0.029585798816568,0,0.00887573964497041
"2008_28",0,0.0025974025974026,0,0.0025974025974026,0.0025974025974026,0.038961038961039,0.0181818181818182,0,0.00519480519480519,0,0
"2008_29",0,0,0,0,0.00568181818181818,0.0227272727272727,0,0,0.0965909090909091,0.00568181818181818,0
"2008_30",0,0,0,0.00398406374501992,0,0.0318725099601594,0,0,0.0956175298804781,0,0.00398406374501992
"2008_31",0,0.0035650623885918,0,0.0011883541295306,0,0.0101010101010101,0.0053475935828877,0.0035650623885918,0.005941770647653,0.0017825311942959,0.0005941770647653
"2008_32",0,0.0208333333333333,0,0,0,0.00520833333333333,0,0,0.00520833333333333,0.00520833333333333,0.00520833333333333
"2009_1",0,0,0,0,0,0.149152542372881,0.284745762711864,0,0.284745762711864,0.0135593220338983,0
"2009_2",0,0,0,0.00182481751824818,0,0.0072992700729927,0.0948905109489051,0,0.00364963503649635,0,0.00182481751824818
"2009_3",0,0,0,0,0,0.00495049504950495,0.0148514851485149,0.00495049504950495,0.108910891089109,0,0
"2009_4",0,0,0,0,0,0.00537634408602151,0.0833333333333333,0,0,0.00537634408602151,0
"2009_5",0,0.111665004985045,0.0319042871385842,0,0.0319042871385842,0.315054835493519,0,0,0.0717846460618146,0.00797607178464606,0.0119641076769691
"2009_6",0,0.0134730538922156,0.00449101796407186,0,0,0.0209580838323353,0,0,0.062874251497006,0,0.0029940119760479
"2009_7",0,0.0012987012987013,0,0,0,0.0012987012987013,0.00779220779220779,0,0.0571428571428571,0.0012987012987013,0.0012987012987013
"2009_8",0,0.0028735632183908,0,0,0,0,0.0028735632183908,0,0.0890804597701149,0.0028735632183908,0
"2009_9",0,0.0087719298245614,0.0012531328320802,0,0,0.0050125313283208,0.0012531328320802,0,0.081453634085213,0.0112781954887218,0.0012531328320802
"2009_10",0,0.00650195058517555,0.00390117035110533,0,0,0.0247074122236671,0.00260078023407022,0,0.0728218465539662,0.00390117035110533,0.00260078023407022
"2009_11",0,0,0,0,0,0.0416666666666667,0,0,0.0583333333333333,0,0
"2009_12",0,0.0026525198938992,0,0,0,0.0106100795755968,0.0026525198938992,0,0.026525198938992,0,0.00530503978779841
"2009_13",0,0.00854700854700855,0,0,0,0.00854700854700855,0,0,0.0170940170940171,0,0
"2009_14",0,0,0.00519480519480519,0,0,0.0337662337662338,0,0,0.0467532467532468,0,0.00519480519480519
"2009_15",0,0.00671140939597315,0.00671140939597315,0,0,0.0201342281879195,0,0,0.0738255033557047,0,0.00671140939597315
"2009_16",0,0,0,0,0,0.012987012987013,0.00649350649350649,0,0.0584415584415584,0,0
"2009_17",0,0,0,0,0,0.00833333333333333,0.00833333333333333,0,0.00833333333333333,0,0
"2009_18",0,0,0,0.00409836065573771,0,0,0.00409836065573771,0,0,0,0
"2009_19",0,0.00628930817610063,0.00209643605870021,0,0,0.00209643605870021,0.00628930817610063,0,0,0,0
"2009_20",0,0.0104602510460251,0.00627615062761506,0,0,0.0439330543933054,0.00418410041841004,0,0.0648535564853557,0,0
"2009_21",0,0.0164835164835165,0.0549450549450549,0,0,0.00915750915750916,0.00732600732600733,0,0.00183150183150183,0,0.00915750915750916
"2009_22",0,0.00141242937853107,0.00141242937853107,0,0,0,0.018361581920904,0,0.00564971751412429,0,0.00141242937853107
"2009_23",0,0.010989010989011,0.00137362637362637,0,0,0.010989010989011,0.00549450549450549,0.00137362637362637,0.00686813186813187,0,0
"2009_24",0,0.0146627565982405,0.00293255131964809,0,0.00293255131964809,0.0410557184750733,0,0,0.0381231671554252,0,0
"2009_25",0,0.028,0.058,0,0.006,0.088,0.002,0,0.048,0.004,0.002
"2009_26",0,0.00403225806451613,0.0161290322580645,0,0,0.0443548387096774,0,0,0.0604838709677419,0,0.00403225806451613
"2009_27",0,0.00398406374501992,0.0119521912350598,0,0,0.0418326693227092,0,0,0.0378486055776892,0.00199203187250996,0
"2009_28",0,0,0.00594059405940594,0,0,0.0217821782178218,0.0217821782178218,0,0,0,0.00198019801980198
"2009_29",0,0,0,0,0,0.00518134715025907,0.00690846286701209,0,0.0224525043177893,0,0
"2009_30",0.00354609929078014,0,0,0,0,0.0283687943262411,0,0,0.117021276595745,0.00354609929078014,0
"2009_31",0,0,0,0,0.00125786163522013,0.00251572327044025,0.00314465408805031,0.00377358490566038,0.0106918238993711,0.000628930817610063,0
"2009_32",0,0.0220264317180617,0.00881057268722467,0,0,0.0352422907488987,0,0,0.039647577092511,0,0
"2010_1",0,0,0,0,0,0.314465408805031,0.150943396226415,0,0.238993710691824,0.0880503144654088,0
"2010_2",0,0.00263852242744063,0,0,0,0,0.406332453825858,0.00527704485488127,0.00263852242744063,0.00263852242744063,0
"2010_3",0,0,0,0,0,0.00216919739696312,0.0867678958785249,0,0.0368763557483731,0.00867678958785249,0
"2010_4",0,0,0,0.00467289719626168,0,0,0.418224299065421,0,0,0,0
"2010_5",0,0.0627306273062731,0.118081180811808,0,0.044280442804428,0.173431734317343,0.0590405904059041,0,0.0553505535055351,0.00738007380073801,0.00738007380073801
"2010_6",0,0.00746268656716418,0.00597014925373134,0.00298507462686567,0,0.0238805970149254,0.00597014925373134,0,0.0417910447761194,0.00597014925373134,0
"2010_7",0,0.00226757369614512,0,0,0,0.00453514739229025,0.0702947845804989,0.00113378684807256,0.0215419501133787,0.00226757369614512,0
"2010_8",0,0,0,0.00377358490566038,0,0.00377358490566038,0.0377358490566038,0,0.0339622641509434,0.00377358490566038,0
"2010_9",0,0.00528169014084507,0,0.00176056338028169,0.00176056338028169,0.022887323943662,0.00528169014084507,0,0.0422535211267606,0.0211267605633803,0.00176056338028169
"2010_10",0,0.00314465408805031,0.00314465408805031,0.00157232704402516,0,0.0125786163522013,0.00471698113207547,0,0.0581761006289308,0.00471698113207547,0
"2010_11",0,0.0025,0.005,0,0,0.03,0.0125,0,0.0325,0.0025,0
"2010_12",0,0.00294985250737463,0,0.00294985250737463,0,0.00589970501474926,0.165191740412979,0.00294985250737463,0.0206489675516224,0.0117994100294985,0.00884955752212389
"2010_13",0,0,0,0,0,0.00823045267489712,0.0452674897119342,0,0.0123456790123457,0.00823045267489712,0.00411522633744856
"2010_14",0,0.00256410256410256,0,0,0,0.0230769230769231,0,0,0.0307692307692308,0.0102564102564103,0.00256410256410256
"2010_15",0,0.00662251655629139,0.00993377483443709,0,0,0.0165562913907285,0,0,0.0165562913907285,0.00993377483443709,0.0033112582781457
"2010_16",0,0,0.0142348754448399,0,0,0.00711743772241993,0.0106761565836299,0,0.0320284697508897,0.00355871886120996,0.0106761565836299
"2010_17",0,0,0.0101781170483461,0,0,0.00508905852417303,0.089058524173028,0,0.0229007633587786,0,0.00254452926208651
"2010_18",0,0.0663716814159292,0.0752212389380531,0,0.0265486725663717,0.0176991150442478,0.0309734513274336,0,0.0132743362831858,0.00884955752212389,0
"2010_19",0,0.0257731958762887,0.0257731958762887,0,0,0.0103092783505155,0.0979381443298969,0,0.0103092783505155,0.0103092783505155,0
"2010_20",0,0.00436681222707424,0.00436681222707424,0,0.00436681222707424,0.0174672489082969,0.00436681222707424,0,0.0305676855895196,0.00436681222707424,0.00436681222707424
"2010_21",0,0.00208333333333333,0.00416666666666667,0,0,0.00208333333333333,0.266666666666667,0,0,0.00625,0.00416666666666667
"2010_22",0,0,0.00202839756592292,0,0,0,0.494929006085193,0,0.00811359026369168,0.00608519269776876,0
"2010_23",0,0.00403225806451613,0.00161290322580645,0.000806451612903226,0,0.00161290322580645,0.178225806451613,0.00161290322580645,0.00564516129032258,0.00161290322580645,0
"2010_24",0,0.00378787878787879,0,0,0,0.0227272727272727,0,0,0.0378787878787879,0.00757575757575758,0
"2010_25",0,0.0440251572327044,0.0943396226415094,0,0.00628930817610063,0.0146750524109015,0,0,0.0167714884696017,0.00209643605870021,0.00209643605870021
"2010_26",0,0,0.0233463035019455,0,0,0.0116731517509728,0.00389105058365759,0,0.0778210116731518,0,0
"2010_27",0,0.0197368421052632,0.00219298245614035,0,0.0109649122807018,0.0241228070175439,0,0,0.0087719298245614,0.00657894736842105,0.00219298245614035
"2010_28",0,0.00810810810810811,0.00405405405405405,0,0.00675675675675676,0.00675675675675676,0.00810810810810811,0,0.00675675675675676,0.00135135135135135,0
"2010_29",0,0,0.0138888888888889,0,0,0.00694444444444444,0.0173611111111111,0.00347222222222222,0.0381944444444444,0,0
"2010_30",0,0,0,0,0,0.014519056261343,0.00362976406533575,0,0.0798548094373866,0.00362976406533575,0
"2010_31",0,0.00646551724137931,0,0,0.0021551724137931,0.0021551724137931,0.0452586206896552,0.00431034482758621,0.0172413793103448,0.0193965517241379,0
"2010_32",0,0,0.00263157894736842,0.00263157894736842,0,0.00526315789473684,0.15,0,0,0.00526315789473684,0
"2011_1",0,0,0,0.0151515151515152,0,0.121212121212121,0,0,0.257575757575758,0,0.0151515151515152
"2011_2",0,0,0,0,0,0.00446760982874162,0.442293373045421,0,0.00446760982874162,0.00223380491437081,0.000744601638123604
"2011_3",0,0,0,0.00153609831029186,0,0.00307219662058372,0.161290322580645,0,0.0245775729646697,0.010752688172043,0
"2011_4",0,0,0,0,0,0.00501672240802676,0.20066889632107,0,0.000836120401337793,0.00334448160535117,0
"2011_5",0,0.0547945205479452,0.0758693361433087,0,0.0800842992623814,0.286617492096944,0.101159114857745,0,0.071654373024236,0.0168598524762908,0
"2011_6",0,0,0,0,0,0.0299003322259136,0.00830564784053156,0,0.0299003322259136,0.00830564784053156,0.00166112956810631
"2011_7",0,0.00372670807453416,0,0.00496894409937888,0,0.00869565217391304,0.0571428571428571,0,0.0149068322981366,0.0136645962732919,0.00124223602484472
"2011_8",0,0,0,0,0,0.0032258064516129,0.0483870967741935,0,0.00967741935483871,0.0032258064516129,0
"2011_9",0,0.00276625172890733,0,0.004149377593361,0,0.0152143845089903,0.0719225449515906,0,0.016597510373444,0.00276625172890733,0
"2011_10",0,0.00671140939597315,0.00805369127516779,0.00134228187919463,0,0.0201342281879195,0.00268456375838926,0.00134228187919463,0.0442953020134228,0,0.00402684563758389
"2011_11",0,0.00462962962962963,0.00231481481481481,0,0,0.00462962962962963,0.0324074074074074,0,0.0231481481481481,0.00462962962962963,0
"2011_12",0,0,0,0.00152905198776758,0,0.00764525993883792,0.287461773700306,0.00305810397553517,0.0122324159021407,0.0152905198776758,0.00611620795107034
"2011_13",0,0,0,0.00980392156862745,0,0.0326797385620915,0.107843137254902,0,0.0294117647058824,0.0065359477124183,0.00980392156862745
"2011_14",0,0.00289855072463768,0.00289855072463768,0,0,0.0318840579710145,0.00579710144927536,0,0.0318840579710145,0.0115942028985507,0.0115942028985507
"2011_15",0,0,0.010989010989011,0.00366300366300366,0,0.0402930402930403,0.00366300366300366,0,0.0183150183150183,0.00732600732600733,0.021978021978022
"2011_16",0,0.0163934426229508,0,0,0.00409836065573771,0.0122950819672131,0.0204918032786885,0,0.0204918032786885,0.00819672131147541,0
"2011_17",0,0,0,0,0,0,0.100686498855835,0,0.0183066361556064,0.0045766590389016,0
"2011_18",0,0.0310734463276836,0,0,0.00282485875706215,0.0282485875706215,0.0847457627118644,0,0.0141242937853107,0.0169491525423729,0.00282485875706215
"2011_19",0,0.029126213592233,0.00970873786407767,0,0,0.0388349514563107,0.101941747572816,0,0.00485436893203883,0.0194174757281553,0
"2011_20",0,0.0152173913043478,0,0,0,0.0391304347826087,0.00217391304347826,0,0.0695652173913043,0.00434782608695652,0.00434782608695652
"2011_21",0,0.0275735294117647,0.03125,0.00183823529411765,0,0.00919117647058824,0.0257352941176471,0,0.00735294117647059,0.0147058823529412,0
"2011_22",0,0,0,0,0,0,0.0161290322580645,0,0.00645161290322581,0.00161290322580645,0.0032258064516129
"2011_23",0,0.0037593984962406,0,0,0,0.0012531328320802,0.0213032581453634,0.0012531328320802,0.0100250626566416,0.0037593984962406,0
"2011_24",0,0.0181268882175227,0.00604229607250755,0.00302114803625378,0,0.00302114803625378,0,0,0.0211480362537764,0.00302114803625378,0
"2011_25",0,0.0033955857385399,0.0169779286926995,0.00169779286926995,0,0.0152801358234295,0.0033955857385399,0,0.0118845500848896,0.0033955857385399,0.00169779286926995
"2011_26",0,0.00467289719626168,0.014018691588785,0.00467289719626168,0,0,0,0,0.014018691588785,0,0
"2011_27",0,0,0.00170357751277683,0,0,0.030664395229983,0.00170357751277683,0,0.00681431005110733,0.00340715502555366,0
"2011_28",0,0.0131964809384164,0,0.00146627565982405,0.0102639296187683,0.00439882697947214,0.102639296187683,0,0.00146627565982405,0,0.00293255131964809
"2011_29",0,0.00162337662337662,0,0,0,0.00487012987012987,0.00649350649350649,0,0.0194805194805195,0.00487012987012987,0.00162337662337662
"2011_30",0,0,0,0,0,0.00377358490566038,0,0,0.0584905660377358,0.00188679245283019,0
"2011_31",0,0.00155884645362432,0.00038971161340608,0.00038971161340608,0.00038971161340608,0.00467653936087295,0.0740452065471551,0.0019485580670304,0.00389711613406079,0.00506625097427903,0.00038971161340608
"2011_32",0,0.00625,0.00625,0,0,0.01875,0,0,0.025,0.01875,0
"2012_1",0,0.010230179028133,0,0,0,0.104398138442833,0,0,0.188112308358839,0,0.0160440512627004
"2012_2",0,0,0,0,0,0.0340785055866781,0.0931587022426654,0.000456204379562044,0.00786193495225035,0.000456204379562044,0
"2012_3",0,0,0,0,0,0.0239608663978412,0.000600240096038415,0,0.0761561034670278,0.00120048019207683,0.000712250712250712
"2012_4",0,0.00116622281402574,0.000277777777777778,0,0,0.0529627163781625,0.055383192779997,0,0.00288578192040243,0.000277777777777778,0.000555555555555556
"2012_5",0,0.019115004492363,0.0488814016172507,0,0.0564330637915544,0.460790655884996,0,0,0.14122641509434,0,0.00859389038634322
"2012_6",0,0,0.000998003992015968,0,0.000998003992015968,0.0284502423723981,0.000998003992015968,0,0.0929141716566866,0.00159324208725406,0.00318648417450813
"2012_7",0,0,0,0,0,0.0161842170038891,0,0,0.0622015458081032,0.00204918032786885,0.0015015015015015
"2012_8",0,0,0,0,0,0.0166904859126174,0,0,0.0652477201578876,0.00268817204301075,0.00210970464135021
"2012_9",0,0.000669344042838019,0.000669344042838019,0,0,0.0375051144240662,0,0,0.104137618724155,0.000494559841740851,0.000669344042838019
"2012_10",0,0.00316872915742972,0.00195567144719687,0,0,0.0501487422391377,0,0,0.0651590510347572,0,0.000561167227833895
"2012_11",0,0,0.000844594594594595,0,0,0.0384522572022572,0,0,0.0508228499299928,0,0.00162952395095252
"2012_12",0,0,0,0,0,0.0558148919694177,0.00180505415162455,0,0.0247581445570255,0.00151057401812689,0.00512068232137599
"2012_13",0,0,0,0,0,0.0550103122110803,0.00193798449612403,0,0.0773949221250267,0,0.0107567029372022
"2012_14",0,0.00137362637362637,0.00137362637362637,0,0,0.0661118293471235,0,0,0.0551228183581125,0.00147058823529412,0.00137362637362637
"2012_15",0,0,0,0,0,0.0616883116883117,0,0,0.0974025974025974,0,0.00324675324675325
"2012_16",0,0,0,0,0,0.0303030303030303,0,0,0.0562770562770563,0,0.0173160173160173
"2012_17",0,0,0,0,0,0.00459770114942529,0,0,0.0390804597701149,0,0
"2012_18",0,0.00573613766730402,0.0229445506692161,0,0.0152963671128107,0.0803059273422562,0,0,0.0152963671128107,0,0.00382409177820268
"2012_19",0,0.00609756097560976,0.0792682926829268,0,0.00609756097560976,0.0823170731707317,0,0,0.0365853658536585,0,0.00304878048780488
"2012_20",0,0,0.00568181818181818,0,0.00946969696969697,0.0700757575757576,0.00189393939393939,0,0.0946969696969697,0,0
"2012_21",0,0.00189753320683112,0.0094876660341556,0,0.00189753320683112,0.079696394686907,0,0,0.0170777988614801,0,0
"2012_22",0,0,0,0,0,0.0264817150063052,0.00126103404791929,0,0.0378310214375788,0,0.00504413619167718
"2012_23",0,0,0.00103626943005181,0,0.00103626943005181,0.033160621761658,0.00310880829015544,0,0.0259067357512953,0.00103626943005181,0.00207253886010363
"2012_24",0,0.00826446280991736,0.0227272727272727,0,0.00619834710743802,0.0454545454545455,0,0,0.0433884297520661,0,0
"2012_25",0,0.00139470013947001,0.0237099023709902,0,0.0251046025104603,0.0892608089260809,0,0,0.0390516039051604,0,0.00139470013947001
"2012_26",0,0.003003003003003,0.027027027027027,0,0.003003003003003,0.042042042042042,0,0,0.0540540540540541,0,0
"2012_27",0,0.00166666666666667,0.0183333333333333,0,0.0133333333333333,0.108333333333333,0,0,0.0333333333333333,0,0.00166666666666667
"2012_28",0,0.00158730158730159,0.00317460317460317,0,0.0412698412698413,0.0142857142857143,0.00476190476190476,0,0.0222222222222222,0,0
"2012_29",0,0,0,0,0,0.00753295668549906,0.0207156308851224,0,0.0941619585687382,0.00188323917137476,0.00376647834274953
"2012_30",0,0,0,0,0,0.0171673819742489,0.00572246065808298,0,0.121602288984263,0,0.00572246065808298
"2012_31",0,0.00105042016806723,0.0136554621848739,0,0.000525210084033613,0.00682773109243697,0.0435924369747899,0,0.0204831932773109,0.000525210084033613,0.00157563025210084
"2012_32",0,0,0.0165745856353591,0,0,0.0828729281767956,0,0,0.0386740331491713,0,0.0110497237569061
"2013_1",0,0,0,0,0,0.0942760942760943,0,0,0.363636363636364,0.0202020202020202,0
"2013_2",0,0,0,0,0,0.023083264633141,0.0741962077493817,0.000824402308326463,0.00412201154163232,0.0140148392415499,0.00164880461665293
"2013_3",0,0,0,0,0,0.0156739811912226,0.00470219435736677,0,0.0470219435736677,0.0109717868338558,0
"2013_4",0,0,0,0,0,0.0258992805755396,0.0201438848920863,0.000719424460431655,0.000719424460431655,0.00359712230215827,0.000719424460431655
"2013_5",0,0.0158102766798419,0,0,0.0158102766798419,0.977075098814229,0.00632411067193676,0,0.126482213438735,0.00316205533596838,0.00316205533596838
"2013_6",0,0,0,0,0,0.0474732006125574,0,0,0.0934150076569678,0.00459418070444104,0.00306278713629403
"2013_7",0,0,0,0.00114285714285714,0,0.0171428571428571,0.00685714285714286,0,0.056,0.00457142857142857,0.00228571428571429
"2013_8",0,0,0,0.00298507462686567,0,0.0208955223880597,0.00298507462686567,0,0.0417910447761194,0.00895522388059702,0.00298507462686567
"2013_9",0,0,0,0.00134589502018843,0,0.0309555854643338,0,0,0.0901749663526245,0.0121130551816958,0.00134589502018843
"2013_10",0,0,0,0,0,0.129757785467128,0.000865051903114187,0,0.120242214532872,0.00519031141868512,0.00259515570934256
"2013_11",0,0,0,0,0,0.0421585160202361,0,0,0.111298482293423,0,0.00168634064080944
"2013_12",0,0,0,0,0,0.0307017543859649,0,0,0.0394736842105263,0.00219298245614035,0.0043859649122807
"2013_13",0,0.00217864923747277,0,0,0,0.0827886710239651,0,0,0.0588235294117647,0.00217864923747277,0
"2013_14",0,0.00189035916824197,0,0.00189035916824197,0,0.111531190926276,0,0,0.0604914933837429,0,0.0056710775047259
"2013_15",0,0,0,0,0,0.0926430517711172,0,0,0.0572207084468665,0,0.0136239782016349
"2013_16",0,0,0,0,0,0.0285714285714286,0,0,0.0857142857142857,0,0
"2013_17",0,0,0,0,0,0.0181268882175227,0.00151057401812689,0,0.0483383685800604,0.00151057401812689,0
"2013_18",0,0,0.00213675213675214,0,0.00641025641025641,0.0726495726495727,0,0,0.032051282051282,0,0
"2013_19",0,0.0106951871657754,0.0053475935828877,0.00267379679144385,0.0053475935828877,0.0748663101604278,0.00267379679144385,0,0.0240641711229947,0,0.00267379679144385
"2013_20",0,0.00186915887850467,0.00560747663551402,0,0,0.0803738317757009,0,0,0.114018691588785,0.00186915887850467,0.00186915887850467
"2013_21",0,0.0093984962406015,0.0150375939849624,0,0.0018796992481203,0.0845864661654135,0.0037593984962406,0,0.0056390977443609,0.0037593984962406,0.0093984962406015
"2013_22",0,0,0.00429799426934097,0,0,0.0100286532951289,0.00716332378223496,0,0.0157593123209169,0.00429799426934097,0.0100286532951289
"2013_23",0,0.001,0,0.001,0.003,0.021,0.007,0,0.028,0.004,0
"2013_24",0,0,0,0.0024330900243309,0,0.0364963503649635,0,0,0.0510948905109489,0.0024330900243309,0
"2013_25",0,0.00309597523219814,0.00928792569659443,0,0.00309597523219814,0.0557275541795666,0.00309597523219814,0,0.0278637770897833,0.00154798761609907,0
"2013_26",0,0,0.0124378109452736,0,0,0.0373134328358209,0,0,0.054726368159204,0.00248756218905473,0
"2013_27",0,0.00338409475465313,0.00169204737732657,0,0.0050761421319797,0.0913705583756345,0,0,0.027072758037225,0.00169204737732657,0
"2013_28",0,0.00137741046831956,0.00275482093663912,0,0.0110192837465565,0.0550964187327824,0.00413223140495868,0,0.00964187327823691,0.00413223140495868,0.00137741046831956
"2013_29",0,0,0,0,0,0.00726392251815981,0,0,0.0944309927360775,0.00484261501210654,0.0121065375302663
"2013_30",0,0,0,0,0,0.0938461538461538,0,0,0.0707692307692308,0.00153846153846154,0.00153846153846154
"2013_31",0,0,0,0.000843170320404722,0.00421585160202361,0.0185497470489039,0,0,0.0118043844856661,0.00843170320404722,0
"2013_32",0,0.00319488817891374,0.00638977635782748,0,0,0.0383386581469649,0,0,0.0287539936102236,0.00638977635782748,0.00638977635782748
"2014_1",0,0,0,0.0101010101010101,0.0101010101010101,0.0303030303030303,0.0101010101010101,0,0.303030303030303,0.0303030303030303,0
"2014_2",0,0,0,0,0,0.00551977920883165,0.101195952161914,0,0.00643974241030359,0.00275988960441582,0
"2014_3",0,0,0,0.0013550135501355,0,0.00813008130081301,0.00948509485094851,0,0.0691056910569106,0.00813008130081301,0
"2014_4",0,0.000903342366757001,0.002710027100271,0,0,0.00993676603432701,0.107497741644083,0.001806684733514,0.00632339656729901,0.002710027100271,0.000903342366757001
"2014_5",0,0.029925187032419,0.0232751454696592,0,0.0166251039068994,0.259351620947631,0,0,0.199501246882793,0,0.00997506234413965
"2014_6",0,0,0,0,0,0.0362694300518135,0,0,0.126079447322971,0.00345423143350604,0
"2014_7",0,0,0,0,0,0.00746268656716418,0.00149253731343284,0,0.0850746268656716,0.00447761194029851,0.00149253731343284
"2014_8",0,0,0,0,0,0.0087719298245614,0,0,0.0964912280701754,0.0109649122807018,0
"2014_9",0,0.00114025085518814,0,0,0,0.0296465222348917,0,0,0.106043329532497,0.00570125427594071,0
"2014_10",0,0,0,0,0,0.088646967340591,0,0,0.0793157076205288,0.00388802488335925,0
"2014_11",0,0,0,0,0,0.0391120507399577,0,0,0.0813953488372093,0.00211416490486258,0
"2014_12",0,0,0,0,0,0.0540540540540541,0.0036036036036036,0.0036036036036036,0.0162162162162162,0.00540540540540541,0
"2014_13",0,0,0,0,0,0.112526539278132,0,0,0.0764331210191083,0.00636942675159236,0
"2014_14",0,0.00295420974889217,0,0.00147710487444609,0,0.0871491875923191,0,0,0.0738552437223043,0.00443131462333826,0
"2014_15",0,0.00175131348511384,0,0,0,0.0577933450087566,0,0.00175131348511384,0.0665499124343257,0,0.010507880910683
"2014_16",0,0,0,0,0,0.046594982078853,0,0,0.0573476702508961,0.003584229390681,0
"2014_17",0,0,0,0,0,0.0103950103950104,0.00207900207900208,0,0.0478170478170478,0,0
"2014_18",0,0,0.037117903930131,0,0,0.0786026200873362,0,0,0.0240174672489083,0.00218340611353712,0.00873362445414847
"2014_19",0,0.00903614457831325,0.0120481927710843,0,0.00301204819277108,0.0903614457831325,0.00903614457831325,0,0.0240963855421687,0,0.00301204819277108
"2014_20",0,0.0016366612111293,0.0016366612111293,0,0,0.0752864157119476,0,0,0.0801963993453355,0,0
"2014_21",0,0.0337552742616034,0,0,0,0.0253164556962025,0.00421940928270042,0,0.0210970464135021,0.00421940928270042,0
"2014_22",0,0.0297297297297297,0.072972972972973,0,0,0.0378378378378378,0.0027027027027027,0,0.00540540540540541,0.00540540540540541,0.0027027027027027
"2014_23",0,0.00120772946859903,0.0072463768115942,0.00120772946859903,0,0.00120772946859903,0.0036231884057971,0,0.00483091787439614,0.00603864734299517,0.0036231884057971
"2014_24",0,0,0,0.0012987012987013,0,0.0103896103896104,0.0103896103896104,0,0.0116883116883117,0.0103896103896104,0
"2014_25",0,0,0.0021505376344086,0,0.0021505376344086,0.0172043010752688,0.00645161290322581,0,0.0365591397849462,0.0021505376344086,0
"2014_26",0,0.0032,0.008,0.0032,0.0016,0.0576,0.0016,0,0.0288,0,0.0016
"2014_27",0,0,0,0,0,0.0237467018469657,0,0,0.0870712401055409,0,0
"2014_28",0,0.00675675675675676,0,0,0,0.0698198198198198,0,0,0.0202702702702703,0,0
"2014_29",0,0.00446428571428571,0,0,0.00297619047619048,0.0267857142857143,0.0163690476190476,0,0.00446428571428571,0,0
"2014_30",0,0,0,0,0,0.0112359550561798,0.0224719101123595,0,0.0758426966292135,0.00561797752808989,0
"2014_31",0,0,0,0,0,0.0143540669856459,0.00159489633173844,0,0.113237639553429,0.00159489633173844,0
"2014_32",0,0.0039241334205363,0.0091563113145847,0.00065402223675605,0.00196206671026815,0.0091563113145847,0.00196206671026815,0.00065402223675605,0.0143884892086331,0.0026160889470242,0.00196206671026815
"2015_1",0,0,0,0,0,0.0353982300884956,0.117994100294985,0,0.342182890855457,0.117994100294985,0
"2015_2",0,0,0,0,0,0.00330578512396694,0.0380165289256198,0.00165289256198347,0.0231404958677686,0.0115702479338843,0
"2015_3",0,0,0,0,0,0.00269179004037685,0.0174966352624495,0,0.109017496635262,0.0107671601615074,0
"2015_4",0,0.0175718849840256,0,0,0,0.0191693290734824,0.231629392971246,0,0.00159744408945687,0,0
"2015_5",0,0.0408858603066439,0.0885860306643952,0,0.00340715502555366,0.391822827938671,0.00681431005110733,0,0.211243611584327,0.00340715502555366,0.010221465076661
"2015_6",0,0.0014367816091954,0.0014367816091954,0,0,0.0129310344827586,0.0014367816091954,0,0.166666666666667,0,0.0014367816091954
"2015_7",0,0,0,0,0,0.0100840336134454,0.00672268907563025,0,0.092436974789916,0.0184873949579832,0
"2015_8",0,0,0,0,0,0.00389105058365759,0,0,0.0505836575875486,0.0155642023346304,0
"2015_9",0,0.00120918984280532,0,0,0,0.0181378476420798,0.00120918984280532,0,0.139056831922612,0.0157194679564692,0
"2015_10",0,0,0.00325732899022801,0,0.001085776330076,0.0380021715526602,0.001085776330076,0,0.112920738327904,0.00325732899022801,0
"2015_11",0,0,0,0,0,0.0195439739413681,0.001085776330076,0,0.117263843648208,0.00217155266015201,0
"2015_12",0,0,0,0,0,0.0310880829015544,0.00518134715025907,0,0.038860103626943,0.00518134715025907,0
"2015_13",0,0,0,0,0,0.0277185501066098,0.00426439232409382,0,0.127931769722815,0.00426439232409382,0.00213219616204691
"2015_14",0,0,0.0116686114352392,0,0,0.015169194865811,0.00116686114352392,0,0.0536756126021004,0.00466744457409568,0
"2015_15",0,0,0.0131926121372032,0,0,0.0554089709762533,0.0263852242744063,0,0.113456464379947,0.00527704485488127,0.00263852242744063
"2015_16",0,0,0,0,0,0.0072463768115942,0.0434782608695652,0,0.105072463768116,0,0.0036231884057971
"2015_17",0,0,0,0,0,0.00457317073170732,0,0,0.0442073170731707,0,0.00152439024390244
"2015_18",0,0.00959692898272553,0.0882917466410749,0,0.00191938579654511,0.0614203454894434,0,0,0.0249520153550864,0.00191938579654511,0
"2015_19",0,0,0.0279187817258883,0,0,0.0812182741116751,0.00761421319796954,0,0.0482233502538071,0,0.00253807106598985
"2015_20",0,0.00160771704180064,0.00643086816720257,0,0,0.0466237942122186,0,0,0.0771704180064309,0.00321543408360129,0.00803858520900321
"2015_21",0,0.00416666666666667,0.05,0.00208333333333333,0,0.00833333333333333,0.0125,0,0.00208333333333333,0.00416666666666667,0.00208333333333333
"2015_22",0,0.00248138957816377,0.00248138957816377,0,0,0.00248138957816377,0.0148883374689826,0,0.0260545905707196,0.00372208436724566,0.00124069478908189
"2015_23",0,0.00221238938053097,0.00442477876106195,0,0.00110619469026549,0.00331858407079646,0.0298672566371681,0,0.0210176991150442,0.00663716814159292,0
"2015_24",0,0.00275482093663912,0.00826446280991736,0,0,0.0137741046831956,0.0110192837465565,0.00275482093663912,0.0578512396694215,0.0110192837465565,0
"2015_25",0,0.00149925037481259,0.0149925037481259,0,0.00299850074962519,0.0239880059970015,0.0134932533733133,0,0.0614692653673163,0,0.00149925037481259
"2015_26",0,0.0093167701863354,0.0186335403726708,0,0.0031055900621118,0.0527950310559006,0.0031055900621118,0,0.0838509316770186,0,0.0062111801242236
"2015_27",0,0.00226244343891403,0.00904977375565611,0,0.00678733031674208,0.0633484162895928,0.00226244343891403,0,0.0203619909502262,0.00452488687782805,0.00452488687782805
"2015_28",0,0,0,0,0.00775193798449612,0.0271317829457364,0.0658914728682171,0,0.00193798449612403,0.00193798449612403,0
"2015_29",0,0,0,0,0,0.024390243902439,0,0,0.0542005420054201,0.002710027100271,0
"2015_30",0,0,0,0,0,0.0479192938209332,0,0,0.123581336696091,0.00378310214375788,0
"2015_31",0,0,0.000728862973760933,0.000728862973760933,0,0.0021865889212828,0.0881924198250729,0.0021865889212828,0.0116618075801749,0.0087463556851312,0.00291545189504373
"2015_32",0,0,0.0141509433962264,0,0,0.0141509433962264,0.0141509433962264,0,0.0613207547169811,0,0
"2016_1",0,0,0,0.00987654320987654,0.00987654320987654,0.197530864197531,0,0,0.148148148148148,0.0888888888888889,0
"2016_2",0,0,0,0.00112233445566779,0,0.0134680134680135,0.0202020202020202,0,0.00448933782267116,0.0123456790123457,0.00112233445566779
"2016_3",0,0,0,0,0,0,0.00378310214375788,0,0.042875157629256,0.0277427490542245,0
"2016_4",0,0,0,0.000782472613458529,0,0.00625978090766823,0.0187793427230047,0,0.0054773082942097,0.00782472613458529,0.00704225352112676
"2016_5",0,0.0524475524475524,0,0,0.0384615384615385,0.325174825174825,0.020979020979021,0,0.118881118881119,0.013986013986014,0.0384615384615385
"2016_6",0,0,0.00317965023847377,0,0,0.0206677265500795,0,0,0.0651828298887122,0.00476947535771065,0.00158982511923688
"2016_7",0,0.000986193293885602,0,0.000986193293885602,0,0.0019723865877712,0,0,0.0443786982248521,0.029585798816568,0
"2016_8",0,0,0,0,0,0,0,0,0.0341296928327645,0.0170648464163823,0
"2016_9",0,0,0.000932835820895522,0.00279850746268657,0,0.0102611940298507,0.000932835820895522,0,0.0457089552238806,0.00932835820895522,0
"2016_10",0,0.000674763832658569,0.00337381916329285,0.00202429149797571,0.000674763832658569,0.0337381916329285,0.00134952766531714,0,0.0721997300944669,0.0114709851551957,0
"2016_11",0,0,0,0.00245700245700246,0,0.0221130221130221,0.00737100737100737,0,0.108108108108108,0.00368550368550369,0.00122850122850123
"2016_12",0,0.00117096018735363,0,0.00234192037470726,0,0.0152224824355972,0.0152224824355972,0,0.0398126463700234,0.0245901639344262,0.00117096018735363
"2016_13",0,0,0,0,0,0.04,0.004,0,0.096,0.008,0
"2016_14",0,0,0,0.0078125,0,0.0234375,0.003125,0,0.075,0.0125,0.0015625
"2016_15",0,0,0,0.00441501103752759,0,0.0485651214128035,0,0,0.0772626931567329,0.00883002207505519,0.00441501103752759
"2016_16",0,0,0,0,0,0.023972602739726,0,0,0.0684931506849315,0.00342465753424658,0
"2016_17",0,0,0.0100376411543287,0,0.00125470514429109,0.00752823086574655,0,0,0.0376411543287327,0.00125470514429109,0.0112923462986198
"2016_18",0,0.00246913580246914,0.0444444444444444,0,0.00987654320987654,0.0395061728395062,0,0,0.0148148148148148,0,0.0123456790123457
"2016_19",0,0.0241758241758242,0.043956043956044,0.0021978021978022,0.0021978021978022,0.0593406593406593,0.0021978021978022,0,0.00879120879120879,0,0
"2016_20",0,0.00292397660818713,0.0263157894736842,0.000974658869395711,0.00194931773879142,0.0419103313840156,0,0,0.0584795321637427,0.00389863547758285,0
"2016_21",0,0.0135396518375242,0.0483558994197292,0,0.00193423597678917,0.0193423597678917,0.00193423597678917,0,0.00580270793036751,0.011605415860735,0
"2016_22",0,0,0.00254777070063694,0,0,0,0.00127388535031847,0,0.0165605095541401,0.0165605095541401,0.00127388535031847
"2016_23",0,0.000955109837631328,0,0.00191021967526266,0.00764087870105062,0.00859598853868195,0,0.000955109837631328,0.0372492836676218,0.0143266475644699,0.000955109837631328
"2016_24",0,0.0087463556851312,0,0.00583090379008746,0.00583090379008746,0.0145772594752187,0,0,0.0670553935860058,0.0291545189504373,0
"2016_25",0,0.0123796423658872,0.00137551581843191,0,0.00550206327372765,0.0137551581843191,0,0,0.0275103163686382,0.00962861072902338,0
"2016_26",0,0,0.00959232613908873,0,0,0.0167865707434053,0,0,0.0599520383693046,0.0119904076738609,0
"2016_27",0,0,0.0032258064516129,0,0.0032258064516129,0.0225806451612903,0,0,0.0354838709677419,0.00806451612903226,0
"2016_28",0,0.00243013365735115,0.0194410692588092,0,0.00607533414337789,0.0121506682867558,0,0,0.0109356014580802,0.00364520048602673,0.00121506682867558
"2016_29",0,0,0.00127388535031847,0,0,0,0,0,0.086624203821656,0.00254777070063694,0
"2016_30",0,0,0,0,0,0.00816993464052288,0,0,0.122549019607843,0.00163398692810458,0.000816993464052288
"2016_31",0,0.0023441162681669,0,0.00093764650726676,0.00140646976090014,0.0140646976090014,0.0257852789498359,0,0.00796999531176746,0.0192217533989686,0.00281293952180028
"2016_32",0,0.012779552715655,0.012779552715655,0,0,0.00958466453674121,0.00319488817891374,0,0.00638977635782748,0.00958466453674121,0.00638977635782748
"2017_1",0,0,0,0,0,0.376899696048632,0,0,0.170212765957447,0.0243161094224924,0
"2017_2",0,0,0,0.00259067357512953,0,0.0116580310880829,0.022020725388601,0,0.00906735751295337,0.0038860103626943,0
"2017_3",0,0,0,0,0,0.00232288037166086,0.00580720092915215,0,0.0905923344947735,0.0139372822299652,0.00116144018583043
"2017_4",0,0,0,0.000686341798215511,0,0.00411805078929307,0.0377487989018531,0,0.00274536719286205,0.00274536719286205,0.000686341798215511
"2017_5",0,0.015748031496063,0.031496062992126,0,0.0196850393700787,0.570866141732283,0.00393700787401575,0,0.114173228346457,0.0393700787401575,0.0118110236220472
"2017_6",0,0.00126103404791929,0,0.00378310214375788,0,0.0390920554854981,0,0,0.0718789407313997,0.0113493064312736,0
"2017_7",0,0.00139275766016713,0,0,0,0.011142061281337,0,0,0.0584958217270195,0.011142061281337,0
"2017_8",0,0.00343642611683849,0,0.00343642611683849,0,0.0103092783505155,0,0,0.0412371134020619,0.0171821305841924,0
"2017_9",0,0,0,0.001998001998002,0,0.037962037962038,0,0,0.050949050949051,0.011988011988012,0
"2017_10",0,0,0,0.00239425379090184,0.000798084596967279,0.0550678371907422,0,0,0.068635275339186,0.00319233838786911,0
"2017_11",0,0,0,0,0,0.0409604519774011,0,0,0.0918079096045198,0.00282485875706215,0
"2017_12",0,0.00602409638554217,0,0.00602409638554217,0,0,0,0,0.0150602409638554,0.0150602409638554,0
"2017_13",0,0,0,0,0,0.028169014084507,0.00938967136150235,0,0.0469483568075117,0,0
"2017_14",0,0,0,0.00173010380622837,0,0.055363321799308,0,0,0.0674740484429066,0.0069204152249135,0.0121107266435986
"2017_15",0,0,0,0,0,0.0575757575757576,0,0,0.1,0,0.0151515151515152
"2017_16",0,0,0,0,0,0.0213675213675214,0,0,0.0811965811965812,0,0.00427350427350427
"2017_17",0,0,0,0.00142247510668563,0,0.0142247510668563,0.00142247510668563,0,0.0469416785206259,0.00142247510668563,0
"2017_18",0,0,0.00833333333333333,0,0.0138888888888889,0.0638888888888889,0,0,0.0138888888888889,0.00833333333333333,0.00833333333333333
"2017_19",0,0.013986013986014,0.0174825174825175,0,0,0.0454545454545455,0.00699300699300699,0,0.013986013986014,0.027972027972028,0
"2017_20",0,0.00464396284829721,0.0185758513931889,0,0,0.0789473684210526,0,0,0.0402476780185759,0.00619195046439629,0.00309597523219814
"2017_21",0,0,0.0272277227722772,0,0.00742574257425743,0.0717821782178218,0.0123762376237624,0,0.00247524752475248,0.00495049504950495,0.00247524752475248
"2017_22",0,0,0.00253807106598985,0.00126903553299492,0,0.00253807106598985,0.00253807106598985,0,0.0266497461928934,0.0177664974619289,0.00380710659898477
"2017_23",0,0.00104931794333683,0,0.00104931794333683,0.0115424973767051,0.0262329485834208,0.00104931794333683,0.00629590766002099,0.0199370409233998,0.00629590766002099,0.00104931794333683
"2017_24",0,0.00458715596330275,0.00458715596330275,0,0.00229357798165138,0.0252293577981651,0,0,0.0619266055045872,0,0
"2017_25",0,0.00271370420624152,0,0,0.00271370420624152,0.0597014925373134,0,0,0.0257801899592944,0.00407055630936228,0.00542740841248304
"2017_26",0,0.0033167495854063,0.0033167495854063,0,0,0.0315091210613599,0,0,0.0613598673300166,0,0.00165837479270315
"2017_27",0,0,0.00440528634361234,0,0.00220264317180617,0.0770925110132159,0,0,0.0352422907488987,0,0.00220264317180617
"2017_28",0,0,0.0029585798816568,0.0029585798816568,0.00443786982248521,0.0414201183431953,0.00443786982248521,0,0.00739644970414201,0.0029585798816568,0.00887573964497041
"2017_29",0,0,0,0,0,0.00985221674876847,0,0,0.12807881773399,0,0
"2017_30",0,0,0,0,0,0.0169671261930011,0.00106044538706257,0,0.149522799575822,0,0
"2017_31",0,0,0,0.000529941706412295,0.00105988341282459,0.0153683094859565,0.00158982511923688,0.00158982511923688,0.0121886592474828,0.00688924218335983,0.00211976682564918
"2017_32",0,0,0.0127388535031847,0,0,0.0382165605095541,0.00318471337579618,0,0.035031847133758,0.00318471337579618,0
"2018_1",0.00769230769230769,0,0,0.0230769230769231,0,0.346153846153846,0.0307692307692308,0,0.346153846153846,0.0923076923076923,0
"2018_2",0,0,0,0.00143266475644699,0,0.00143266475644699,0.0830945558739255,0,0.00143266475644699,0.0100286532951289,0
"2018_3",0,0,0,0.00437956204379562,0,0.00145985401459854,0.0116788321167883,0,0.0394160583941606,0.0116788321167883,0.00145985401459854
"2018_4",0,0.00160513643659711,0,0.00561797752808989,0,0.00240770465489567,0.0160513643659711,0,0.00642054574638844,0.00882825040128411,0.00160513643659711
"2018_5",0.00318471337579618,0.0414012738853503,0.0636942675159236,0,0.0668789808917197,0.222929936305732,0.0191082802547771,0,0.121019108280255,0.0286624203821656,0.035031847133758
"2018_6",0,0,0,0,0,0.0559440559440559,0,0,0.0862470862470862,0.00815850815850816,0.0034965034965035
"2018_7",0,0,0.00488758553274682,0.00195503421309873,0,0.010752688172043,0.00977517106549365,0,0.0488758553274682,0.0185728250244379,0.00293255131964809
"2018_8",0,0,0,0,0,0.0068259385665529,0.0068259385665529,0,0.0614334470989761,0.0238907849829352,0
"2018_9",0,0.000880281690140845,0,0.000880281690140845,0,0.0325704225352113,0.00880281690140845,0,0.0677816901408451,0.0237676056338028,0.00264084507042254
"2018_10",0,0,0,0.00092678405931418,0,0.0537534754402224,0.0111214087117702,0,0.0769230769230769,0.0120481927710843,0.010194624652456
"2018_11",0,0,0,0.00170068027210884,0,0.0289115646258503,0.0119047619047619,0,0.0680272108843537,0.00850340136054422,0.00340136054421769
"2018_12",0,0,0,0.00277008310249307,0,0,0.0138504155124654,0,0.0249307479224377,0.0166204986149584,0
"2018_13",0,0,0,0.00352112676056338,0,0.028169014084507,0.0845070422535211,0,0.102112676056338,0.00352112676056338,0
"2018_14",0,0,0,0,0,0.0773333333333333,0.00133333333333333,0,0.0533333333333333,0.012,0.016
"2018_15",0,0,0.00355871886120996,0,0,0.0587188612099644,0.00533807829181495,0,0.0498220640569395,0.00355871886120996,0.0124555160142349
"2018_16",0,0,0,0,0,0.0238095238095238,0.00476190476190476,0,0.0714285714285714,0,0.0142857142857143
"2018_17",0,0.00117370892018779,0,0.00234741784037559,0,0.00821596244131455,0.0129107981220657,0,0.034037558685446,0.00234741784037559,0.00352112676056338
"2018_18",0,0,0.00530503978779841,0,0.0106100795755968,0.0371352785145889,0.0318302387267905,0,0.0159151193633952,0.0026525198938992,0.0212201591511936
"2018_19",0,0.0129032258064516,0.0193548387096774,0,0.0032258064516129,0.0193548387096774,0.0290322580645161,0,0.0129032258064516,0.032258064516129,0.0225806451612903
"2018_20",0,0.00475059382422803,0.0249406175771971,0,0,0.0237529691211401,0.00237529691211401,0,0.0391923990498812,0.00237529691211401,0.0118764845605701
"2018_21",0,0,0.0390946502057613,0.00205761316872428,0.00617283950617284,0.00411522633744856,0.0164609053497942,0,0.00411522633744856,0.0164609053497942,0.0123456790123457
"2018_22",0,0,0,0.0026281208935611,0,0,0.0275952693823916,0,0.0223390275952694,0.00657030223390276,0.0026281208935611
"2018_23",0,0,0,0.0015785319652723,0.00236779794790845,0.00236779794790845,0.0931333859510655,0,0.00868192580899763,0.00868192580899763,0.000789265982636148
"2018_24",0,0,0.00239234449760766,0.00478468899521531,0.00956937799043062,0.0239234449760766,0.0358851674641148,0,0.0334928229665072,0.00239234449760766,0.00717703349282297
"2018_25",0,0.00599700149925037,0.0134932533733133,0,0.00599700149925037,0.0209895052473763,0.0119940029985007,0,0.0194902548725637,0.00899550224887556,0.0104947526236882
"2018_26",0,0.00173010380622837,0.0155709342560554,0,0,0.0173010380622837,0.00865051903114187,0,0.0761245674740484,0,0.0173010380622837
"2018_27",0,0.0144628099173554,0.0103305785123967,0,0,0.00413223140495868,0,0,0.0330578512396694,0,0.00206611570247934
"2018_28",0,0.00266666666666667,0.004,0,0.016,0.00533333333333333,0.004,0,0.008,0,0.0413333333333333
"2018_29",0,0,0,0,0,0,0,0,0.0272108843537415,0,0.00340136054421769
"2018_30",0,0,0,0,0,0.0143953934740883,0,0,0.0595009596928983,0,0
"2018_31",0,0.00328947368421053,0.000548245614035088,0.000548245614035088,0,0.00109649122807018,0.0323464912280702,0.00109649122807018,0.00383771929824561,0.00657894736842105,0.00274122807017544
"2018_32",0,0.0045662100456621,0.0091324200913242,0,0,0,0.0091324200913242,0,0.0045662100456621,0.0182648401826484,0.0182648401826484
"2019_1",0,0,0,0,0,0.134991119005329,0.0355239786856128,0,0.33392539964476,0.0426287744227353,0.00710479573712256
"2019_2",0,0,0,0.00242718446601942,0,0.00364077669902913,0.0728155339805825,0,0.00728155339805825,0.0157766990291262,0.00121359223300971
"2019_3",0,0,0,0.000693481276005548,0,0.000693481276005548,0.0013869625520111,0,0.0381414701803051,0.00554785020804438,0
"2019_4",0,0,0,0.000982318271119843,0,0.00294695481335953,0.0265225933202358,0,0.000982318271119843,0.0068762278978389,0
"2019_5",0,0.0267857142857143,0.0580357142857143,0.00446428571428571,0.03125,0.263392857142857,0.0267857142857143,0,0.169642857142857,0.00446428571428571,0.0267857142857143
"2019_6",0,0.00289017341040462,0,0.00144508670520231,0,0.0173410404624277,0.00433526011560694,0,0.111271676300578,0.00722543352601156,0.00578034682080925
"2019_7",0,0,0,0.00136239782016349,0,0.00136239782016349,0.00136239782016349,0,0.050408719346049,0.0136239782016349,0.00136239782016349
"2019_8",0,0,0,0,0,0.00431034482758621,0,0,0.0301724137931034,0.0301724137931034,0
"2019_9",0,0,0,0.00305343511450382,0,0.00152671755725191,0.00152671755725191,0,0.0595419847328244,0.00763358778625954,0
"2019_10",0,0.00296442687747036,0.00592885375494071,0,0,0.0197628458498024,0.00197628458498024,0,0.102766798418972,0.00296442687747036,0.00296442687747036
"2019_11",0,0,0,0,0.00201207243460765,0.0221327967806841,0.00201207243460765,0,0.0885311871227364,0.00402414486921529,0.00603621730382294
"2019_12",0,0.00522648083623693,0,0,0,0,0.0731707317073171,0,0.0174216027874564,0.00348432055749129,0.00871080139372822
"2019_13",0,0,0,0.0025974025974026,0,0.0181818181818182,0,0,0.0597402597402597,0.0155844155844156,0.0025974025974026
"2019_14",0,0,0.0189982728842832,0,0,0.0276338514680484,0.00172711571675302,0,0.0604490500863558,0.00345423143350604,0.0293609671848014
"2019_15",0,0,0.00735294117647059,0,0,0.0220588235294118,0,0,0.0772058823529412,0.00367647058823529,0.0294117647058824
"2019_16",0,0,0,0,0,0.0119521912350598,0.00796812749003984,0,0.0278884462151394,0,0.00398406374501992
"2019_17",0,0.00110619469026549,0,0,0,0.00221238938053097,0.00884955752212389,0,0.0464601769911504,0,0.00884955752212389
"2019_18",0,0,0.00460829493087558,0.00230414746543779,0.00230414746543779,0,0.0737327188940092,0,0.0115207373271889,0.00460829493087558,0
"2019_19",0,0.00498753117206983,0.00997506234413965,0.00748129675810474,0,0.0548628428927681,0.0748129675810474,0,0.0149625935162095,0.0124688279301746,0
"2019_20",0,0.00974930362116992,0.0459610027855153,0,0,0.0236768802228412,0.00835654596100279,0,0.0752089136490251,0.00139275766016713,0.00835654596100279
"2019_21",0,0.015625,0.0245535714285714,0.00223214285714286,0,0.00446428571428571,0.0513392857142857,0,0,0,0.00446428571428571
"2019_22",0,0,0,0.00136239782016349,0.00136239782016349,0.00272479564032698,0.0217983651226158,0,0.0231607629427793,0.00544959128065395,0
"2019_23",0,0,0,0.00328677074774034,0.00328677074774034,0.00493015612161052,0.0115036976170912,0.00164338537387017,0.0180772391125719,0.00739523418241578,0.000821692686935086
"2019_24",0,0.00173010380622837,0.00519031141868512,0.00173010380622837,0.00865051903114187,0.0155709342560554,0.00173010380622837,0,0.0778546712802768,0.00173010380622837,0.00346020761245675
"2019_25",0,0.00346820809248555,0.0046242774566474,0,0.0069364161849711,0.0358381502890173,0.0023121387283237,0,0.0485549132947977,0.00346820809248555,0.0046242774566474
"2019_26",0,0.00146412884333821,0.00146412884333821,0.00292825768667643,0,0.00878477306002928,0.0761346998535871,0,0.0878477306002928,0,0.0146412884333821
"2019_27",0,0.00162074554294976,0.00486223662884927,0,0.00162074554294976,0.0453808752025932,0,0,0.0810372771474878,0,0
"2019_28",0,0.00345224395857307,0.00115074798619102,0.00115074798619102,0.0126582278481013,0.0126582278481013,0.00805523590333717,0,0.0218642117376295,0.00115074798619102,0.0138089758342923
"2019_29",0,0,0,0,0,0,0.00421940928270042,0,0.122362869198312,0,0
"2019_30",0,0.000831255195344971,0,0,0,0.00997506234413965,0.00249376558603491,0,0.190357439733998,0.000831255195344971,0.000831255195344971
"2019_31",0,0.000496277915632754,0.000992555831265509,0.000496277915632754,0.00148883374689826,0,0.030272952853598,0.000496277915632754,0.0173697270471464,0.00248138957816377,0.00148883374689826
"2019_32",0,0.0130293159609121,0.0162866449511401,0,0,0,0.104234527687296,0,0.0325732899022801,0.00977198697068404,0
