ID,lat,lon,ele,time,magvar,geoidheight,name,cmt,desc,src,sym,type,fix,sat,hdop,vdop,pdop,ageofdgpsdata,dgpsid,Proximity,Temperature,Depth,DisplayMode,Samples,Expiration,CreationTime
1,42.467772988602519,-76.46080996,281.628265,2024-06-15T16:09:24Z,,,0001,,,,"Flag, Blue",user,,,,,,,,,,,SymbolAndName,,,2024-06-15T16:09:24Z
2,43.686266010627151,-74.92162398,478.048676,2024-06-18T16:12:07Z,,,0002,,,,"Flag, Blue",user,,,,,,,,,,,SymbolAndName,,,2024-06-18T16:12:07Z
3,43.686267016455531,-74.92162096,478.048676,2024-06-18T16:12:29Z,,,0003,,,,"Flag, Blue",user,,,,,,,,,,,SymbolAndName,,,2024-06-18T16:12:29Z
4,43.686376987025142,-74.92217601,478.048676,2024-06-18T16:14:52Z,,,0004,,,,"Flag, Blue",user,,,,,,,,,,,SymbolAndName,,,2024-06-18T16:14:52Z
5,43.686403976753354,-74.92238296,478.048676,2024-06-18T16:15:13Z,,,0005,,,,"Flag, Blue",user,,,,,,,,,,,SymbolAndName,,,2024-06-18T16:15:13Z
6,43.686399031430483,-74.92252001,478.048676,2024-06-18T16:15:27Z,,,0006,,,,"Flag, Blue",user,,,,,,,,,,,SymbolAndName,,,2024-06-18T16:15:27Z
7,43.686374975368381,-74.92258002,478.048676,2024-06-18T16:15:34Z,,,0007,,,,"Flag, Blue",user,,,,,,,,,,,SymbolAndName,,,2024-06-18T16:15:34Z
8,43.686326025053859,-74.92269603,478.048676,2024-06-18T16:15:47Z,,,0008,,,,"Flag, Blue",user,,,,,,,,,,,SymbolAndName,,,2024-06-18T16:15:47Z
9,43.68633097037673,-74.92297104,478.048676,2024-06-18T16:16:12Z,,,0009,,,,"Flag, Blue",user,,,,,,,,,,,SymbolAndName,,,2024-06-18T16:16:12Z
10,43.686358965933323,-74.92314102,478.048676,2024-06-18T16:16:29Z,,,0010,,,,"Flag, Blue",user,,,,,,,,,,,SymbolAndName,,,2024-06-18T16:16:29Z
11,43.686363995075226,-74.92324797,478.048676,2024-06-18T16:16:39Z,,,0011,,,,"Flag, Blue",user,,,,,,,,,,,SymbolAndName,,,2024-06-18T16:16:39Z
12,43.686342034488916,-74.92338502,478.048676,2024-06-18T16:16:51Z,,,0012,,,,"Flag, Blue",user,,,,,,,,,,,SymbolAndName,,,2024-06-18T16:16:51Z
13,43.686347985640168,-74.92364796,478.048676,2024-06-18T16:17:13Z,,,0013,,,,"Flag, Blue",user,,,,,,,,,,,SymbolAndName,,,2024-06-18T16:17:13Z
14,43.686375981196761,-74.923857,478.048676,2024-06-18T16:17:31Z,,,0014,,,,"Flag, Blue",user,,,,,,,,,,,SymbolAndName,,,2024-06-18T16:17:31Z
15,43.686387967318296,-74.92404803,478.048676,2024-06-18T16:17:47Z,,,0015,,,,"Flag, Blue",user,,,,,,,,,,,SymbolAndName,,,2024-06-18T16:17:47Z
16,43.686320995911956,-74.924158,478.048676,2024-06-18T16:18:39Z,,,0016,,,,"Flag, Blue",user,,,,,,,,,,,SymbolAndName,,,2024-06-18T16:18:39Z
17,43.686369024217129,-74.924892,478.048676,2024-06-18T16:20:52Z,,,0017,,,,"Flag, Blue",user,,,,,,,,,,,SymbolAndName,,,2024-06-18T16:20:52Z
18,43.686402970924973,-74.92508302,478.048676,2024-06-18T16:21:15Z,,,0018,,,,"Flag, Blue",user,,,,,,,,,,,SymbolAndName,,,2024-06-18T16:21:15Z
19,43.686442030593753,-74.92534798,478.048676,2024-06-18T16:21:44Z,,,0019,,,,"Flag, Blue",user,,,,,,,,,,,SymbolAndName,,,2024-06-18T16:21:44Z
20,43.686484023928642,-74.92560899,478.048676,2024-06-18T16:22:08Z,,,0020,,,,"Flag, Blue",user,,,,,,,,,,,SymbolAndName,,,2024-06-18T16:22:08Z
21,43.686505984514952,-74.92578099,478.048676,2024-06-18T16:22:22Z,,,0021,,,,"Flag, Blue",user,,,,,,,,,,,SymbolAndName,,,2024-06-18T16:22:22Z
22,43.686525011435151,-74.92595097,478.048676,2024-06-18T16:22:38Z,,,0022,,,,"Flag, Blue",user,,,,,,,,,,,SymbolAndName,,,2024-06-18T16:22:38Z
23,43.686552001163363,-74.92614501,478.048676,2024-06-18T16:23:02Z,,,0023,,,,"Flag, Blue",user,,,,,,,,,,,SymbolAndName,,,2024-06-18T16:23:02Z
24,43.686571028083563,-74.92626403,478.048676,2024-06-18T16:23:20Z,,,0024,,,,"Flag, Blue",user,,,,,,,,,,,SymbolAndName,,,2024-06-18T16:23:20Z
25,43.686617966741323,-74.92655598,478.048676,2024-06-18T16:23:56Z,,,0025,,,,"Flag, Blue",user,,,,,,,,,,,SymbolAndName,,,2024-06-18T16:23:56Z
26,43.686653003096581,-74.92667902,478.048676,2024-06-18T16:24:11Z,,,0026,,,,"Flag, Blue",user,,,,,,,,,,,SymbolAndName,,,2024-06-18T16:24:11Z
27,43.686677981168032,-74.92676502,478.048676,2024-06-18T16:24:21Z,,,0027,,,,"Flag, Blue",user,,,,,,,,,,,SymbolAndName,,,2024-06-18T16:24:21Z
28,43.686687033623457,-74.92689997,478.048676,2024-06-18T16:24:39Z,,,0028,,,,"Flag, Blue",user,,,,,,,,,,,SymbolAndName,,,2024-06-18T16:24:39Z
29,43.686757022514939,-74.92721002,478.048676,2024-06-18T16:25:27Z,,,0029,,,,"Flag, Blue",user,,,,,,,,,,,SymbolAndName,,,2024-06-18T16:25:27Z
30,43.686762973666191,-74.92734396,478.048676,2024-06-18T16:25:48Z,,,0030,,,,"Flag, Blue",user,,,,,,,,,,,SymbolAndName,,,2024-06-18T16:25:48Z
31,43.686821982264519,-74.92768896,478.048676,2024-06-18T16:26:30Z,,,0031,,,,"Flag, Blue",user,,,,,,,,,,,SymbolAndName,,,2024-06-18T16:26:30Z
32,43.686901023611426,-74.92809104,478.048676,2024-06-18T16:27:25Z,,,0032,,,,"Flag, Blue",user,,,,,,,,,,,SymbolAndName,,,2024-06-18T16:27:25Z
33,43.686907980591059,-74.92812901,478.048676,2024-06-18T16:27:47Z,,,0033,,,,"Flag, Blue",user,,,,,,,,,,,SymbolAndName,,,2024-06-18T16:27:47Z
34,43.686904963105917,-74.92824501,478.048676,2024-06-18T16:33:06Z,,,0034,,,,"Flag, Blue",user,,,,,,,,,,,SymbolAndName,,,2024-06-18T16:33:06Z
35,43.686985010281205,-74.928487,478.048676,2024-06-18T16:34:19Z,,,0035,,,,"Flag, Blue",user,,,,,,,,,,,SymbolAndName,,,2024-06-18T16:34:19Z
36,43.687028009444475,-74.92871004,478.048676,2024-06-18T16:34:55Z,,,0036,,,,"Flag, Blue",user,,,,,,,,,,,SymbolAndName,,,2024-06-18T16:34:55Z
37,43.687037983909249,-74.92879101,478.048676,2024-06-18T16:35:05Z,,,0037,,,,"Flag, Blue",user,,,,,,,,,,,SymbolAndName,,,2024-06-18T16:35:05Z
38,43.68710202164948,-74.92956097,478.048676,2024-06-18T16:36:38Z,,,0038,,,,"Flag, Blue",user,,,,,,,,,,,SymbolAndName,,,2024-06-18T16:36:38Z
39,43.687108978629112,-74.929709,478.048676,2024-06-18T16:36:58Z,,,0039,,,,"Flag, Blue",user,,,,,,,,,,,SymbolAndName,,,2024-06-18T16:36:58Z
40,43.687051981687546,-74.929709,478.048676,2024-06-18T16:37:13Z,,,0040,,,,"Flag, Blue",user,,,,,,,,,,,SymbolAndName,,,2024-06-18T16:37:13Z
41,43.686964977532625,-74.92997898,478.048676,2024-06-18T16:45:22Z,,,0041,,,,"Flag, Blue",user,,,,,,,,,,,SymbolAndName,,,2024-06-18T16:45:22Z
42,43.68695299141109,-74.93012097,478.048676,2024-06-18T16:45:40Z,,,0042,,,,"Flag, Blue",user,,,,,,,,,,,SymbolAndName,,,2024-06-18T16:45:40Z
43,43.686918960884213,-74.93018501,478.048676,2024-06-18T16:45:52Z,,,0043,,,,"Flag, Blue",user,,,,,,,,,,,SymbolAndName,,,2024-06-18T16:45:52Z
44,43.686892976984382,-74.93038198,478.048676,2024-06-18T16:46:29Z,,,0044,,,,"Flag, Blue",user,,,,,,,,,,,SymbolAndName,,,2024-06-18T16:46:29Z
45,43.68688995949924,-74.93046102,478.048676,2024-06-18T16:46:41Z,,,0045,,,,"Flag, Blue",user,,,,,,,,,,,SymbolAndName,,,2024-06-18T16:46:41Z
46,43.686700025573373,-74.93089696,478.048676,2024-06-18T16:47:55Z,,,0046,,,,"Flag, Blue",user,,,,,,,,,,,SymbolAndName,,,2024-06-18T16:47:55Z
47,43.686624001711607,-74.93111498,478.048676,2024-06-18T16:48:28Z,,,0047,,,,"Flag, Blue",user,,,,,,,,,,,SymbolAndName,,,2024-06-18T16:48:28Z
48,43.686593994498253,-74.93118304,478.048676,2024-06-18T16:48:39Z,,,0048,,,,"Flag, Blue",user,,,,,,,,,,,SymbolAndName,,,2024-06-18T16:48:39Z
49,43.686574967578053,-74.93126401,478.048676,2024-06-18T16:48:51Z,,,0049,,,,"Flag, Blue",user,,,,,,,,,,,SymbolAndName,,,2024-06-18T16:48:51Z
50,43.686463991180062,-74.93153902,478.048676,2024-06-18T16:49:32Z,,,0050,,,,"Flag, Blue",user,,,,,,,,,,,SymbolAndName,,,2024-06-18T16:49:32Z
51,43.686431972309947,-74.93159199,478.048676,2024-06-18T16:49:45Z,,,0051,,,,"Flag, Blue",user,,,,,,,,,,,SymbolAndName,,,2024-06-18T16:49:45Z
52,43.686389978975058,-74.93174697,478.048676,2024-06-18T16:50:11Z,,,0052,,,,"Flag, Blue",user,,,,,,,,,,,SymbolAndName,,,2024-06-18T16:50:11Z
53,43.686372963711619,-74.93180296,478.048676,2024-06-18T16:50:20Z,,,0053,,,,"Flag, Blue",user,,,,,,,,,,,SymbolAndName,,,2024-06-18T16:50:20Z
54,43.686318984255195,-74.93193598,478.048676,2024-06-18T16:50:49Z,,,0054,,,,"Flag, Blue",user,,,,,,,,,,,SymbolAndName,,,2024-06-18T16:50:49Z
55,43.686252012848854,-74.93195199,478.048676,2024-06-18T16:51:09Z,,,0055,,,,"Flag, Blue",user,,,,,,,,,,,SymbolAndName,,,2024-06-18T16:51:09Z
56,43.686113962903619,-74.93230001,478.048676,2024-06-18T16:52:18Z,,,0056,,,,"Flag, Blue",user,,,,,,,,,,,SymbolAndName,,,2024-06-18T16:52:18Z
57,43.685898967087269,-74.93274098,478.048676,2024-06-18T16:53:54Z,,,0057,,,,"Flag, Blue",user,,,,,,,,,,,SymbolAndName,,,2024-06-18T16:53:54Z
58,43.685854040086269,-74.93283603,478.048676,2024-06-18T16:54:17Z,,,0058,,,,"Flag, Blue",user,,,,,,,,,,,SymbolAndName,,,2024-06-18T16:54:17Z
59,43.685767035931349,-74.93302798,478.048676,2024-06-18T16:54:54Z,,,0059,,,,"Flag, Blue",user,,,,,,,,,,,SymbolAndName,,,2024-06-18T16:54:54Z
60,43.685727976262569,-74.933103,478.048676,2024-06-18T16:55:07Z,,,0060,,,,"Flag, Blue",user,,,,,,,,,,,SymbolAndName,,,2024-06-18T16:55:07Z
61,43.685724958777428,-74.93312898,478.048676,2024-06-18T16:55:12Z,,,0061,,,,"Flag, Blue",user,,,,,,,,,,,SymbolAndName,,,2024-06-18T16:55:12Z
62,43.685629991814494,-74.93332998,478.048676,2024-06-18T16:56:03Z,,,0062,,,,"Flag, Blue",user,,,,,,,,,,,SymbolAndName,,,2024-06-18T16:56:03Z
63,43.685554973781109,-74.93342704,478.048676,2024-06-18T16:58:34Z,,,0063,,,,"Flag, Blue",user,,,,,,,,,,,SymbolAndName,,,2024-06-18T16:58:34Z
64,43.685446009039879,-74.93352704,478.048676,2024-06-18T16:59:09Z,,,0064,,,,"Flag, Blue",user,,,,,,,,,,,SymbolAndName,,,2024-06-18T16:59:09Z
65,43.685352969914675,-74.93357498,478.048676,2024-06-18T16:59:29Z,,,0065,,,,"Flag, Blue",user,,,,,,,,,,,SymbolAndName,,,2024-06-18T16:59:29Z
66,43.685154989361763,-74.93365796,478.048676,2024-06-18T17:00:18Z,,,0066,,,,"Flag, Blue",user,,,,,,,,,,,SymbolAndName,,,2024-06-18T17:00:18Z
67,43.685087012127042,-74.93373399,478.048676,2024-06-18T17:00:36Z,,,0067,,,,"Flag, Blue",user,,,,,,,,,,,SymbolAndName,,,2024-06-18T17:00:36Z
68,43.697928003966808,-74.92409497,478.048676,2024-06-18T17:01:44Z,,,0068,,,,"Flag, Blue",user,,,,,,,,,,,SymbolAndName,,,2024-06-18T17:01:44Z
69,43.684743018820882,-74.93386399,478.048676,2024-06-18T17:01:58Z,,,0069,,,,"Flag, Blue",user,,,,,,,,,,,SymbolAndName,,,2024-06-18T17:01:58Z
70,43.684593988582492,-74.93395996,478.048676,2024-06-18T17:02:49Z,,,0070,,,,"Flag, Blue",user,,,,,,,,,,,SymbolAndName,,,2024-06-18T17:02:49Z
71,43.684508996084332,-74.93393599,478.048676,2024-06-18T17:03:09Z,,,0071,,,,"Flag, Blue",user,,,,,,,,,,,SymbolAndName,,,2024-06-18T17:03:09Z
72,43.684426015242934,-74.93394404,478.048676,2024-06-18T17:03:25Z,,,0072,,,,"Flag, Blue",user,,,,,,,,,,,SymbolAndName,,,2024-06-18T17:03:25Z
73,43.684303974732757,-74.933909,478.048676,2024-06-18T17:03:55Z,,,0073,,,,"Flag, Blue",user,,,,,,,,,,,SymbolAndName,,,2024-06-18T17:03:55Z
74,43.684186041355133,-74.93394303,478.048676,2024-06-18T17:04:29Z,,,0074,,,,"Flag, Blue",user,,,,,,,,,,,SymbolAndName,,,2024-06-18T17:04:29Z
75,43.68413700722158,-74.93396097,478.048676,2024-06-18T17:04:43Z,,,0075,,,,"Flag, Blue",user,,,,,,,,,,,SymbolAndName,,,2024-06-18T17:04:43Z
76,43.684040028601885,-74.93397304,478.048676,2024-06-18T17:05:03Z,,,0076,,,,"Flag, Blue",user,,,,,,,,,,,SymbolAndName,,,2024-06-18T17:05:03Z
77,43.683931985870004,-74.93399399,478.048676,2024-06-18T17:05:21Z,,,0077,,,,"Flag, Blue",user,,,,,,,,,,,SymbolAndName,,,2024-06-18T17:05:21Z
78,43.683826960623264,-74.93402199,478.048676,2024-06-18T17:05:36Z,,,0078,,,,"Flag, Blue",user,,,,,,,,,,,SymbolAndName,,,2024-06-18T17:05:36Z
79,43.683586986735463,-74.934039,478.048676,2024-06-18T17:06:26Z,,,0079,,,,"Flag, Blue",user,,,,,,,,,,,SymbolAndName,,,2024-06-18T17:06:26Z
80,43.683509035035968,-74.93408703,478.048676,2024-06-18T17:06:44Z,,,0080,,,,"Flag, Blue",user,,,,,,,,,,,SymbolAndName,,,2024-06-18T17:06:44Z
81,43.683455977588892,-74.93412601,478.048676,2024-06-18T17:06:54Z,,,0081,,,,"Flag, Blue",user,,,,,,,,,,,SymbolAndName,,,2024-06-18T17:06:54Z
82,43.683417001739144,-74.93415903,478.048676,2024-06-18T17:07:01Z,,,0082,,,,"Flag, Blue",user,,,,,,,,,,,SymbolAndName,,,2024-06-18T17:07:01Z
83,43.683401998132467,-74.93416901,478.048676,2024-06-18T17:07:05Z,,,0083,,,,"Flag, Blue",user,,,,,,,,,,,SymbolAndName,,,2024-06-18T17:07:05Z
84,43.683338966220617,-74.93420304,476.21984900000001,2024-06-18T17:07:20Z,,,0084,,,,"Flag, Blue",user,,,,,,,,,,,SymbolAndName,,,2024-06-18T17:07:20Z
85,43.683297978714108,-74.93421603,476.76101699999998,2024-06-18T17:07:28Z,,,0085,,,,"Flag, Blue",user,,,,,,,,,,,SymbolAndName,,,2024-06-18T17:07:28Z
86,43.68319496512413,-74.93429298,478.59918199999998,2024-06-18T17:07:44Z,,,0086,,,,"Flag, Blue",user,,,,,,,,,,,SymbolAndName,,,2024-06-18T17:07:44Z
87,43.683144003152847,-74.93434402,478.05798299999998,2024-06-18T17:07:53Z,,,0087,,,,"Flag, Blue",user,,,,,,,,,,,SymbolAndName,,,2024-06-18T17:07:53Z
88,43.68308499455452,-74.934384,477.82473800000002,2024-06-18T17:08:05Z,,,0088,,,,"Flag, Blue",user,,,,,,,,,,,SymbolAndName,,,2024-06-18T17:08:05Z
89,43.682938981801271,-74.93441803,477.35818499999999,2024-06-18T17:08:36Z,,,0089,,,,"Flag, Blue",user,,,,,,,,,,,SymbolAndName,,,2024-06-18T17:08:36Z
90,43.682810990139842,-74.93440697,477.17156999999997,2024-06-18T17:09:13Z,,,0090,,,,"Flag, Blue",user,,,,,,,,,,,SymbolAndName,,,2024-06-18T17:09:13Z
91,43.682709988206625,-74.93444704,477.47015399999998,2024-06-18T17:09:34Z,,,0091,,,,"Flag, Blue",user,,,,,,,,,,,SymbolAndName,,,2024-06-18T17:09:34Z
92,43.682607980445027,-74.934499,475.73464999999999,2024-06-18T17:09:52Z,,,0092,,,,"Flag, Blue",user,,,,,,,,,,,SymbolAndName,,,2024-06-18T17:09:52Z
93,43.682491974905133,-74.93449599,477.60079999999999,2024-06-18T17:10:19Z,,,0093,,,,"Flag, Blue",user,,,,,,,,,,,SymbolAndName,,,2024-06-18T17:10:19Z
94,43.682437995448709,-74.93451803,477.57278400000001,2024-06-18T17:10:29Z,,,0094,,,,"Flag, Blue",user,,,,,,,,,,,SymbolAndName,,,2024-06-18T17:10:29Z
95,43.682270022109151,-74.93467301,478.44055200000003,2024-06-18T17:11:18Z,,,0095,,,,"Flag, Blue",user,,,,,,,,,,,SymbolAndName,,,2024-06-18T17:11:18Z
96,43.682215036824346,-74.93472699,478.61782799999997,2024-06-18T17:11:33Z,,,0096,,,,"Flag, Blue",user,,,,,,,,,,,SymbolAndName,,,2024-06-18T17:11:33Z
97,43.682172037661076,-74.93473596,478.58984400000003,2024-06-18T17:11:42Z,,,0097,,,,"Flag, Blue",user,,,,,,,,,,,SymbolAndName,,,2024-06-18T17:11:42Z
98,43.682124009355903,-74.934743,475.72531099999998,2024-06-18T17:11:51Z,,,0098,,,,"Flag, Blue",user,,,,,,,,,,,SymbolAndName,,,2024-06-18T17:11:51Z
99,43.682071035727859,-74.93475398,478.26327500000002,2024-06-18T17:12:00Z,,,0099,,,,"Flag, Blue",user,,,,,,,,,,,SymbolAndName,,,2024-06-18T17:12:00Z
100,43.682016972452402,-74.93478902,478.70181300000002,2024-06-18T17:12:11Z,,,0100,,,,"Flag, Blue",user,,,,,,,,,,,SymbolAndName,,,2024-06-18T17:12:11Z
101,43.681961987167597,-74.93484702,478.83242799999999,2024-06-18T17:12:25Z,,,0101,,,,"Flag, Blue",user,,,,,,,,,,,SymbolAndName,,,2024-06-18T17:12:25Z
102,43.681931979954243,-74.93487602,478.77645899999999,2024-06-18T17:12:31Z,,,0102,,,,"Flag, Blue",user,,,,,,,,,,,SymbolAndName,,,2024-06-18T17:12:31Z
103,43.681875988841057,-74.93491902,476.74237099999999,2024-06-18T17:12:44Z,,,0103,,,,"Flag, Blue",user,,,,,,,,,,,SymbolAndName,,,2024-06-18T17:12:44Z
104,43.68184195831418,-74.93492899,479.15902699999998,2024-06-18T17:12:51Z,,,0104,,,,"Flag, Blue",user,,,,,,,,,,,SymbolAndName,,,2024-06-18T17:12:51Z
105,43.681793007999659,-74.93494903,478.84176600000001,2024-06-18T17:13:01Z,,,0105,,,,"Flag, Blue",user,,,,,,,,,,,SymbolAndName,,,2024-06-18T17:13:01Z
106,43.681761994957924,-74.93496696,478.85110500000002,2024-06-18T17:13:09Z,,,0106,,,,"Flag, Blue",user,,,,,,,,,,,SymbolAndName,,,2024-06-18T17:13:09Z
107,43.681744979694486,-74.93498398,478.90707400000002,2024-06-18T17:13:16Z,,,0107,,,,"Flag, Blue",user,,,,,,,,,,,SymbolAndName,,,2024-06-18T17:13:16Z
108,43.681640960276127,-74.93505497,479.131012,2024-06-18T17:13:38Z,,,0108,,,,"Flag, Blue",user,,,,,,,,,,,SymbolAndName,,,2024-06-18T17:13:38Z
109,43.681610031053424,-74.93505497,479.131012,2024-06-18T17:13:43Z,,,0109,,,,"Flag, Blue",user,,,,,,,,,,,SymbolAndName,,,2024-06-18T17:13:43Z
110,43.681563008576632,-74.93507802,479.131012,2024-06-18T17:13:54Z,,,0110,,,,"Flag, Blue",user,,,,,,,,,,,SymbolAndName,,,2024-06-18T17:13:54Z
111,43.681548004969954,-74.935103,479.131012,2024-06-18T17:14:00Z,,,0111,,,,"Flag, Blue",user,,,,,,,,,,,SymbolAndName,,,2024-06-18T17:14:00Z
112,43.68153803050518,-74.93512304,479.131012,2024-06-18T17:14:05Z,,,0112,,,,"Flag, Blue",user,,,,,,,,,,,SymbolAndName,,,2024-06-18T17:14:05Z
113,43.681518,-74.93514801,479.131012,2024-06-18T17:14:13Z,,,0113,,,,"Flag, Blue",user,,,,,,,,,,,SymbolAndName,,,2024-06-18T17:14:13Z
114,43.681385982781649,-74.93532697,479.131012,2024-06-18T17:14:48Z,,,0114,,,,"Flag, Blue",user,,,,,,,,,,,SymbolAndName,,,2024-06-18T17:14:48Z
115,43.68130199611187,-74.93545596,479.131012,2024-06-18T17:15:05Z,,,0115,,,,"Flag, Blue",user,,,,,,,,,,,SymbolAndName,,,2024-06-18T17:15:05Z
116,43.681188002228737,-74.935707,479.131012,2024-06-18T17:16:03Z,,,0116,,,,"Flag, Blue",user,,,,,,,,,,,SymbolAndName,,,2024-06-18T17:16:03Z
117,43.680831016972661,-74.93608503,479.131012,2024-06-18T17:17:35Z,,,0117,,,,"Flag, Blue",user,,,,,,,,,,,SymbolAndName,,,2024-06-18T17:17:35Z
118,43.680503033101559,-74.93627203,479.131012,2024-06-18T17:23:51Z,,,0118,,,,"Flag, Blue",user,,,,,,,,,,,SymbolAndName,,,2024-06-18T17:23:51Z
119,43.680402031168342,-74.93637797,479.131012,2024-06-18T17:24:20Z,,,0119,,,,"Flag, Blue",user,,,,,,,,,,,SymbolAndName,,,2024-06-18T17:24:20Z
120,43.680362971499562,-74.93640102,479.131012,2024-06-18T17:24:29Z,,,0120,,,,"Flag, Blue",user,,,,,,,,,,,SymbolAndName,,,2024-06-18T17:24:29Z
121,43.680309997871518,-74.936454,479.131012,2024-06-18T17:24:44Z,,,0121,,,,"Flag, Blue",user,,,,,,,,,,,SymbolAndName,,,2024-06-18T17:24:44Z
122,43.680299017578363,-74.936468,479.131012,2024-06-18T17:24:46Z,,,0122,,,,"Flag, Blue",user,,,,,,,,,,,SymbolAndName,,,2024-06-18T17:24:46Z
123,43.680272027850151,-74.93649901,479.131012,2024-06-18T17:24:53Z,,,0123,,,,"Flag, Blue",user,,,,,,,,,,,SymbolAndName,,,2024-06-18T17:24:53Z
124,43.680179994553328,-74.93654704,479.131012,2024-06-18T17:25:13Z,,,0124,,,,"Flag, Blue",user,,,,,,,,,,,SymbolAndName,,,2024-06-18T17:25:13Z
125,43.680097013711929,-74.93654603,479.131012,2024-06-18T17:25:27Z,,,0125,,,,"Flag, Blue",user,,,,,,,,,,,SymbolAndName,,,2024-06-18T17:25:27Z
126,43.680038005113602,-74.93651996,479.131012,2024-06-18T17:25:38Z,,,0126,,,,"Flag, Blue",user,,,,,,,,,,,SymbolAndName,,,2024-06-18T17:25:38Z
127,43.67994898930192,-74.93648199,479.131012,2024-06-18T17:25:57Z,,,0127,,,,"Flag, Blue",user,,,,,,,,,,,SymbolAndName,,,2024-06-18T17:25:57Z
128,43.679915964603424,-74.93650898,479.131012,2024-06-18T17:26:07Z,,,0128,,,,"Flag, Blue",user,,,,,,,,,,,SymbolAndName,,,2024-06-18T17:26:07Z
129,43.679903978481889,-74.93653597,479.131012,2024-06-18T17:26:11Z,,,0129,,,,"Flag, Blue",user,,,,,,,,,,,SymbolAndName,,,2024-06-18T17:26:11Z
130,43.679900960996747,-74.936569,479.131012,2024-06-18T17:26:17Z,,,0130,,,,"Flag, Blue",user,,,,,,,,,,,SymbolAndName,,,2024-06-18T17:26:17Z
131,43.679896015673876,-74.93665399,479.131012,2024-06-18T17:26:29Z,,,0131,,,,"Flag, Blue",user,,,,,,,,,,,SymbolAndName,,,2024-06-18T17:26:29Z
132,43.679740028455853,-74.93668199,479.131012,2024-06-18T17:26:55Z,,,0132,,,,"Flag, Blue",user,,,,,,,,,,,SymbolAndName,,,2024-06-18T17:26:55Z
133,43.679683031514287,-74.93669104,479.131012,2024-06-18T17:27:10Z,,,0133,,,,"Flag, Blue",user,,,,,,,,,,,SymbolAndName,,,2024-06-18T17:27:10Z
134,43.679555039852858,-74.93666497,479.131012,2024-06-18T17:27:43Z,,,0134,,,,"Flag, Blue",user,,,,,,,,,,,SymbolAndName,,,2024-06-18T17:27:43Z
135,43.679517991840839,-74.93668098,479.131012,2024-06-18T17:27:54Z,,,0135,,,,"Flag, Blue",user,,,,,,,,,,,SymbolAndName,,,2024-06-18T17:27:54Z
136,43.679506005719304,-74.93668701,479.131012,2024-06-18T17:27:58Z,,,0136,,,,"Flag, Blue",user,,,,,,,,,,,SymbolAndName,,,2024-06-18T17:27:58Z
137,43.679485972970724,-74.93670001,479.131012,2024-06-18T17:28:04Z,,,0137,,,,"Flag, Blue",user,,,,,,,,,,,SymbolAndName,,,2024-06-18T17:28:04Z
138,43.67947599850595,-74.936713,479.131012,2024-06-18T17:28:08Z,,,0138,,,,"Flag, Blue",user,,,,,,,,,,,SymbolAndName,,,2024-06-18T17:28:08Z
139,43.679385976865888,-74.93678399,479.131012,2024-06-18T17:28:53Z,,,0139,,,,"Flag, Blue",user,,,,,,,,,,,SymbolAndName,,,2024-06-18T17:28:53Z
140,43.679345995187759,-74.93680403,479.131012,2024-06-18T17:29:02Z,,,0140,,,,"Flag, Blue",user,,,,,,,,,,,SymbolAndName,,,2024-06-18T17:29:02Z
141,43.679297966882586,-74.93683303,479.131012,2024-06-18T17:29:16Z,,,0141,,,,"Flag, Blue",user,,,,,,,,,,,SymbolAndName,,,2024-06-18T17:29:16Z
142,43.679253039881587,-74.93684803,479.131012,2024-06-18T17:29:26Z,,,0142,,,,"Flag, Blue",user,,,,,,,,,,,SymbolAndName,,,2024-06-18T17:29:26Z
143,43.679232001304626,-74.93686404,479.131012,2024-06-18T17:29:33Z,,,0143,,,,"Flag, Blue",user,,,,,,,,,,,SymbolAndName,,,2024-06-18T17:29:33Z
144,43.679104009643197,-74.93692297,479.131012,2024-06-18T17:29:56Z,,,0144,,,,"Flag, Blue",user,,,,,,,,,,,SymbolAndName,,,2024-06-18T17:29:56Z
145,43.679074002429843,-74.93688097,479.131012,2024-06-18T17:31:55Z,,,0145,,,,"Flag, Blue",user,,,,,,,,,,,SymbolAndName,,,2024-06-18T17:31:55Z
146,43.678908962756395,-74.93700201,479.131012,2024-06-18T17:33:15Z,,,0146,,,,"Flag, Blue",user,,,,,,,,,,,SymbolAndName,,,2024-06-18T17:33:15Z
147,43.678861018270254,-74.93702103,479.131012,2024-06-18T17:33:27Z,,,0147,,,,"Flag, Blue",user,,,,,,,,,,,SymbolAndName,,,2024-06-18T17:33:27Z
148,43.678798992186785,-74.93702003,479.131012,2024-06-18T17:33:38Z,,,0148,,,,"Flag, Blue",user,,,,,,,,,,,SymbolAndName,,,2024-06-18T17:33:38Z
149,43.678744006901979,-74.93701802,479.20565800000003,2024-06-18T17:33:48Z,,,0149,,,,"Flag, Blue",user,,,,,,,,,,,SymbolAndName,,,2024-06-18T17:33:48Z
150,43.678700001910329,-74.93703403,478.18862899999999,2024-06-18T17:34:00Z,,,0150,,,,"Flag, Blue",user,,,,,,,,,,,SymbolAndName,,,2024-06-18T17:34:00Z
151,43.678459022194147,-74.937102,478.80444299999999,2024-06-18T17:34:38Z,,,0151,,,,"Flag, Blue",user,,,,,,,,,,,SymbolAndName,,,2024-06-18T17:34:38Z
152,43.678414011374116,-74.93709404,478.80444299999999,2024-06-18T17:34:45Z,,,0152,,,,"Flag, Blue",user,,,,,,,,,,,SymbolAndName,,,2024-06-18T17:34:45Z
153,43.678350979462266,-74.93712598,478.79510499999998,2024-06-18T17:35:00Z,,,0153,,,,"Flag, Blue",user,,,,,,,,,,,SymbolAndName,,,2024-06-18T17:35:00Z
154,43.678278978914022,-74.93716998,478.543182,2024-06-18T17:35:18Z,,,0154,,,,"Flag, Blue",user,,,,,,,,,,,SymbolAndName,,,2024-06-18T17:35:18Z
155,43.678245032206178,-74.937188,474.736267,2024-06-18T17:35:25Z,,,0155,,,,"Flag, Blue",user,,,,,,,,,,,SymbolAndName,,,2024-06-18T17:35:25Z
156,43.677997011691332,-74.93736402,478.46853599999997,2024-06-18T17:36:57Z,,,0156,,,,"Flag, Blue",user,,,,,,,,,,,SymbolAndName,,,2024-06-18T17:36:57Z
157,43.677810011431575,-74.93775596,478.46853599999997,2024-06-18T17:38:10Z,,,0157,,,,"Flag, Blue",user,,,,,,,,,,,SymbolAndName,,,2024-06-18T17:38:10Z
158,43.677762988954782,-74.93809702,478.46853599999997,2024-06-18T17:39:02Z,,,0158,,,,"Flag, Blue",user,,,,,,,,,,,SymbolAndName,,,2024-06-18T17:39:02Z
159,43.67784203030169,-74.93824999,480.14807100000002,2024-06-18T17:45:18Z,,,0159,,,,"Flag, Blue",user,,,,,,,,,,,SymbolAndName,,,2024-06-18T17:45:18Z
160,43.678275961428881,-74.93854,479.90545700000001,2024-06-18T17:47:11Z,,,0160,,,,"Flag, Blue",user,,,,,,,,,,,SymbolAndName,,,2024-06-18T17:47:11Z
161,43.678352991119027,-74.93858702,479.90545700000001,2024-06-18T17:47:29Z,,,0161,,,,"Flag, Blue",user,,,,,,,,,,,SymbolAndName,,,2024-06-18T17:47:29Z
162,43.678416023030877,-74.93860496,479.90545700000001,2024-06-18T17:47:48Z,,,0162,,,,"Flag, Blue",user,,,,,,,,,,,SymbolAndName,,,2024-06-18T17:47:48Z
163,43.678510989993811,-74.93862399,479.90545700000001,2024-06-18T17:48:00Z,,,0163,,,,"Flag, Blue",user,,,,,,,,,,,SymbolAndName,,,2024-06-18T17:48:00Z
164,43.679000996053219,-74.93858501,479.90545700000001,2024-06-18T17:50:48Z,,,0164,,,,"Flag, Blue",user,,,,,,,,,,,SymbolAndName,,,2024-06-18T17:50:48Z
165,43.679060004651546,-74.93848099,479.90545700000001,2024-06-18T17:51:17Z,,,0165,,,,"Flag, Blue",user,,,,,,,,,,,SymbolAndName,,,2024-06-18T17:51:17Z
166,43.679082971066236,-74.93844897,479.90545700000001,2024-06-18T17:51:25Z,,,0166,,,,"Flag, Blue",user,,,,,,,,,,,SymbolAndName,,,2024-06-18T17:51:25Z
167,43.679249016568065,-74.93845199,479.90545700000001,2024-06-18T17:52:28Z,,,0167,,,,"Flag, Blue",user,,,,,,,,,,,SymbolAndName,,,2024-06-18T17:52:28Z
168,43.679282963275909,-74.93843397,479.90545700000001,2024-06-18T17:52:38Z,,,0168,,,,"Flag, Blue",user,,,,,,,,,,,SymbolAndName,,,2024-06-18T17:52:38Z
169,43.679374996572733,-74.93833104,479.90545700000001,2024-06-18T17:53:13Z,,,0169,,,,"Flag, Blue",user,,,,,,,,,,,SymbolAndName,,,2024-06-18T17:53:13Z
170,43.679448002949357,-74.93826801,479.90545700000001,2024-06-18T17:53:33Z,,,0170,,,,"Flag, Blue",user,,,,,,,,,,,SymbolAndName,,,2024-06-18T17:53:33Z
171,43.679683031514287,-74.93819601,479.90545700000001,2024-06-18T17:54:31Z,,,0171,,,,"Flag, Blue",user,,,,,,,,,,,SymbolAndName,,,2024-06-18T17:54:31Z
172,43.679899033159018,-74.93803198,479.90545700000001,2024-06-18T18:03:43Z,,,0172,,,,"Flag, Blue",user,,,,,,,,,,,SymbolAndName,,,2024-06-18T18:03:43Z
173,43.680006992071867,-74.938065,479.90545700000001,2024-06-18T18:03:59Z,,,0173,,,,"Flag, Blue",user,,,,,,,,,,,SymbolAndName,,,2024-06-18T18:03:59Z
174,43.680210001766682,-74.93798101,479.90545700000001,2024-06-18T18:04:35Z,,,0174,,,,"Flag, Blue",user,,,,,,,,,,,SymbolAndName,,,2024-06-18T18:04:35Z
175,43.680312009528279,-74.938007,479.90545700000001,2024-06-18T18:05:50Z,,,0175,,,,"Flag, Blue",user,,,,,,,,,,,SymbolAndName,,,2024-06-18T18:05:50Z
176,43.680487023666501,-74.93815896,479.90545700000001,2024-06-18T18:08:18Z,,,0176,,,,"Flag, Blue",user,,,,,,,,,,,SymbolAndName,,,2024-06-18T18:08:18Z
177,43.680854989215732,-74.93829098,479.90545700000001,2024-06-18T18:09:46Z,,,0177,,,,"Flag, Blue",user,,,,,,,,,,,SymbolAndName,,,2024-06-18T18:09:46Z
178,43.681079959496856,-74.93836599,477.246216,2024-06-18T18:10:20Z,,,0178,,,,"Flag, Blue",user,,,,,,,,,,,SymbolAndName,,,2024-06-18T18:10:20Z
179,43.681247010827065,-74.93839399,477.19955399999998,2024-06-18T18:10:45Z,,,0179,,,,"Flag, Blue",user,,,,,,,,,,,SymbolAndName,,,2024-06-18T18:10:45Z
180,43.681419007480145,-74.93840396,478.77645899999999,2024-06-18T18:11:15Z,,,0180,,,,"Flag, Blue",user,,,,,,,,,,,SymbolAndName,,,2024-06-18T18:11:15Z
181,43.681488996371627,-74.93844604,479.00973499999998,2024-06-18T18:11:25Z,,,0181,,,,"Flag, Blue",user,,,,,,,,,,,SymbolAndName,,,2024-06-18T18:11:25Z
182,43.682142030447721,-74.93860999,478.89776599999999,2024-06-18T18:12:56Z,,,0182,,,,"Flag, Blue",user,,,,,,,,,,,SymbolAndName,,,2024-06-18T18:12:56Z
183,43.682324001565576,-74.93862399,478.89776599999999,2024-06-18T18:13:18Z,,,0183,,,,"Flag, Blue",user,,,,,,,,,,,SymbolAndName,,,2024-06-18T18:13:18Z
184,43.682445036247373,-74.93860798,478.96307400000001,2024-06-18T18:13:41Z,,,0184,,,,"Flag, Blue",user,,,,,,,,,,,SymbolAndName,,,2024-06-18T18:13:41Z
185,43.682628013193607,-74.93867302,480.64260899999999,2024-06-18T18:15:30Z,,,0185,,,,"Flag, Blue",user,,,,,,,,,,,SymbolAndName,,,2024-06-18T18:15:30Z
186,43.683355981484056,-74.93826298,480.64260899999999,2024-06-18T18:17:47Z,,,0186,,,,"Flag, Blue",user,,,,,,,,,,,SymbolAndName,,,2024-06-18T18:17:47Z
187,43.683457989245653,-74.93822702,480.64260899999999,2024-06-18T18:18:00Z,,,0187,,,,"Flag, Blue",user,,,,,,,,,,,SymbolAndName,,,2024-06-18T18:18:00Z
188,43.683639038354158,-74.93814899,480.64260899999999,2024-06-18T18:18:24Z,,,0188,,,,"Flag, Blue",user,,,,,,,,,,,SymbolAndName,,,2024-06-18T18:18:24Z
189,43.683798965066671,-74.93812803,480.64260899999999,2024-06-18T18:18:45Z,,,0189,,,,"Flag, Blue",user,,,,,,,,,,,SymbolAndName,,,2024-06-18T18:18:45Z
190,43.684301041066647,-74.93799099,480.64260899999999,2024-06-18T18:20:07Z,,,0190,,,,"Flag, Blue",user,,,,,,,,,,,SymbolAndName,,,2024-06-18T18:20:07Z
191,43.684367006644607,-74.93795,480.64260899999999,2024-06-18T18:20:17Z,,,0191,,,,"Flag, Blue",user,,,,,,,,,,,SymbolAndName,,,2024-06-18T18:20:17Z
192,43.684539003297687,-74.93785202,480.64260899999999,2024-06-18T18:20:47Z,,,0192,,,,"Flag, Blue",user,,,,,,,,,,,SymbolAndName,,,2024-06-18T18:20:47Z
193,43.685065973550081,-74.93756502,480.64260899999999,2024-06-18T18:22:22Z,,,0193,,,,"Flag, Blue",user,,,,,,,,,,,SymbolAndName,,,2024-06-18T18:22:22Z
194,43.685264959931374,-74.93758002,480.64260899999999,2024-06-18T18:22:52Z,,,0194,,,,"Flag, Blue",user,,,,,,,,,,,SymbolAndName,,,2024-06-18T18:22:52Z
195,43.685420025140047,-74.93764398,480.64260899999999,2024-06-18T18:23:18Z,,,0195,,,,"Flag, Blue",user,,,,,,,,,,,SymbolAndName,,,2024-06-18T18:23:18Z
196,43.685726970434189,-74.93759796,480.64260899999999,2024-06-18T18:24:07Z,,,0196,,,,"Flag, Blue",user,,,,,,,,,,,SymbolAndName,,,2024-06-18T18:24:07Z
197,43.686016984283924,-74.93776803,480.64260899999999,2024-06-18T18:24:56Z,,,0197,,,,"Flag, Blue",user,,,,,,,,,,,SymbolAndName,,,2024-06-18T18:24:56Z
198,43.686477988958359,-74.937821,480.64260899999999,2024-06-18T18:26:14Z,,,0198,,,,"Flag, Blue",user,,,,,,,,,,,SymbolAndName,,,2024-06-18T18:26:14Z
199,43.686904963105917,-74.937547,480.64260899999999,2024-06-18T18:27:43Z,,,0199,,,,"Flag, Blue",user,,,,,,,,,,,SymbolAndName,,,2024-06-18T18:27:43Z
200,43.687074026092887,-74.93741699,480.64260899999999,2024-06-18T18:28:14Z,,,0200,,,,"Flag, Blue",user,,,,,,,,,,,SymbolAndName,,,2024-06-18T18:28:14Z
201,43.687247028574347,-74.93723704,480.64260899999999,2024-06-18T18:28:50Z,,,0201,,,,"Flag, Blue",user,,,,,,,,,,,SymbolAndName,,,2024-06-18T18:28:50Z
202,43.687541987746954,-74.93709203,480.64260899999999,2024-06-18T18:29:45Z,,,0202,,,,"Flag, Blue",user,,,,,,,,,,,SymbolAndName,,,2024-06-18T18:29:45Z
203,43.687717001885176,-74.93700603,480.64260899999999,2024-06-18T18:30:13Z,,,0203,,,,"Flag, Blue",user,,,,,,,,,,,SymbolAndName,,,2024-06-18T18:30:13Z
204,43.687784979119897,-74.93696898,480.64260899999999,2024-06-18T18:30:24Z,,,0204,,,,"Flag, Blue",user,,,,,,,,,,,SymbolAndName,,,2024-06-18T18:30:24Z
205,43.687863014638424,-74.93692598,480.64260899999999,2024-06-18T18:30:36Z,,,0205,,,,"Flag, Blue",user,,,,,,,,,,,SymbolAndName,,,2024-06-18T18:30:36Z
206,43.688386967405677,-74.93667704,480.64260899999999,2024-06-18T18:32:02Z,,,0206,,,,"Flag, Blue",user,,,,,,,,,,,SymbolAndName,,,2024-06-18T18:32:02Z
207,43.688470032066107,-74.93661703,480.64260899999999,2024-06-18T18:32:17Z,,,0207,,,,"Flag, Blue",user,,,,,,,,,,,SymbolAndName,,,2024-06-18T18:32:17Z
208,43.689285004511476,-74.93594999,480.63326999999998,2024-06-18T18:34:41Z,,,0208,,,,"Flag, Blue",user,,,,,,,,,,,SymbolAndName,,,2024-06-18T18:34:41Z
209,43.689847011119127,-74.935721,481.09045400000002,2024-06-18T18:41:58Z,,,0209,,,,"Flag, Blue",user,,,,,,,,,,,SymbolAndName,,,2024-06-18T18:41:58Z
210,43.689929991960526,-74.93563601,481.09045400000002,2024-06-18T18:42:16Z,,,0210,,,,"Flag, Blue",user,,,,,,,,,,,SymbolAndName,,,2024-06-18T18:42:16Z
211,43.709234017878771,-75.02910797,576.16796899999997,2024-06-18T18:43:46Z,,,0211,,,,"Flag, Blue",user,,,,,,,,,,,SymbolAndName,,,2024-06-18T18:43:46Z
212,43.709234017878771,-75.02910797,576.16796899999997,2024-06-18T18:44:01Z,,,0212,,,,"Flag, Blue",user,,,,,,,,,,,SymbolAndName,,,2024-06-18T18:44:01Z
213,43.690859964117408,-74.93480897,481.09045400000002,2024-06-18T18:44:50Z,,,0213,,,,"Flag, Blue",user,,,,,,,,,,,SymbolAndName,,,2024-06-18T18:44:50Z
214,43.691042019054294,-74.93459799,481.09045400000002,2024-06-18T18:45:21Z,,,0214,,,,"Flag, Blue",user,,,,,,,,,,,SymbolAndName,,,2024-06-18T18:45:21Z
215,43.691186020150781,-74.93444201,481.09045400000002,2024-06-18T18:45:46Z,,,0215,,,,"Flag, Blue",user,,,,,,,,,,,SymbolAndName,,,2024-06-18T18:45:46Z
216,43.69140001013875,-74.93413003,481.09045400000002,2024-06-18T18:46:33Z,,,0216,,,,"Flag, Blue",user,,,,,,,,,,,SymbolAndName,,,2024-06-18T18:46:33Z
217,43.693597996607423,-74.93186801,481.09045400000002,2024-06-18T18:52:23Z,,,0217,,,,"Flag, Blue",user,,,,,,,,,,,SymbolAndName,,,2024-06-18T18:52:23Z
218,43.693716013804078,-74.931738,481.09045400000002,2024-06-18T18:52:41Z,,,0218,,,,"Flag, Blue",user,,,,,,,,,,,SymbolAndName,,,2024-06-18T18:52:41Z
219,43.69402002543211,-74.931579,481.09045400000002,2024-06-18T18:53:17Z,,,0219,,,,"Flag, Blue",user,,,,,,,,,,,SymbolAndName,,,2024-06-18T18:53:17Z
220,43.69516097009182,-74.92994796,481.09045400000002,2024-06-18T18:56:52Z,,,0220,,,,"Flag, Blue",user,,,,,,,,,,,SymbolAndName,,,2024-06-18T18:56:52Z
221,43.695307988673449,-74.92973498,481.09045400000002,2024-06-18T18:57:21Z,,,0221,,,,"Flag, Blue",user,,,,,,,,,,,SymbolAndName,,,2024-06-18T18:57:21Z
222,43.695358028635383,-74.92965703,481.09045400000002,2024-06-18T18:57:31Z,,,0222,,,,"Flag, Blue",user,,,,,,,,,,,SymbolAndName,,,2024-06-18T18:57:31Z
223,43.695553997531533,-74.92925,481.09045400000002,2024-06-18T18:58:19Z,,,0223,,,,"Flag, Blue",user,,,,,,,,,,,SymbolAndName,,,2024-06-18T18:58:19Z
224,43.695645024999976,-74.92908496,481.09045400000002,2024-06-18T18:58:38Z,,,0224,,,,"Flag, Blue",user,,,,,,,,,,,SymbolAndName,,,2024-06-18T18:58:38Z
225,43.695732029154897,-74.92883904,481.09045400000002,2024-06-18T18:59:17Z,,,0225,,,,"Flag, Blue",user,,,,,,,,,,,SymbolAndName,,,2024-06-18T18:59:17Z
226,43.696038974449039,-74.92807402,481.09045400000002,2024-06-18T19:04:49Z,,,0226,,,,"Flag, Blue",user,,,,,,,,,,,SymbolAndName,,,2024-06-18T19:04:49Z
227,43.69614802,-74.927782,481.09045400000002,2024-06-18T19:05:18Z,,,0227,,,,"Flag, Blue",user,,,,,,,,,,,SymbolAndName,,,2024-06-18T19:05:18Z
228,43.696193033829331,-74.92764504,481.09045400000002,2024-06-18T19:05:31Z,,,0228,,,,"Flag, Blue",user,,,,,,,,,,,SymbolAndName,,,2024-06-18T19:05:31Z
229,43.696410963311791,-74.92714497,481.09045400000002,2024-06-18T19:06:24Z,,,0229,,,,"Flag, Blue",user,,,,,,,,,,,SymbolAndName,,,2024-06-18T19:06:24Z
230,43.696521017700434,-74.926905,481.09045400000002,2024-06-18T19:06:50Z,,,0230,,,,"Flag, Blue",user,,,,,,,,,,,SymbolAndName,,,2024-06-18T19:06:50Z
231,43.696605004370213,-74.92670601,481.09045400000002,2024-06-18T19:07:09Z,,,0231,,,,"Flag, Blue",user,,,,,,,,,,,SymbolAndName,,,2024-06-18T19:07:09Z
232,43.696769960224628,-74.92624803,481.09045400000002,2024-06-18T19:07:49Z,,,0232,,,,"Flag, Blue",user,,,,,,,,,,,SymbolAndName,,,2024-06-18T19:07:49Z
233,43.696982022374868,-74.92596103,481.09045400000002,2024-06-18T19:08:20Z,,,0233,,,,"Flag, Blue",user,,,,,,,,,,,SymbolAndName,,,2024-06-18T19:08:20Z
234,43.69718000292778,-74.92570404,481.09045400000002,2024-06-18T19:08:54Z,,,0234,,,,"Flag, Blue",user,,,,,,,,,,,SymbolAndName,,,2024-06-18T19:08:54Z
235,43.697443027049303,-74.92519098,481.09045400000002,2024-06-18T19:09:55Z,,,0235,,,,"Flag, Blue",user,,,,,,,,,,,SymbolAndName,,,2024-06-18T19:09:55Z
236,43.697760030627251,-74.92449604,481.09045400000002,2024-06-18T19:12:15Z,,,0236,,,,"Flag, Blue",user,,,,,,,,,,,SymbolAndName,,,2024-06-18T19:12:15Z
237,43.697833037003875,-74.92423201,481.09045400000002,2024-06-18T19:12:40Z,,,0237,,,,"Flag, Blue",user,,,,,,,,,,,SymbolAndName,,,2024-06-18T19:12:40Z
238,43.697893973439932,-74.92413796,481.09045400000002,2024-06-18T19:12:51Z,,,0238,,,,"Flag, Blue",user,,,,,,,,,,,SymbolAndName,,,2024-06-18T19:12:51Z
239,43.697928003966808,-74.92409497,481.09045400000002,2024-06-18T19:12:57Z,,,0239,,,,"Flag, Blue",user,,,,,,,,,,,SymbolAndName,,,2024-06-18T19:12:57Z
